mode,seed,noise,failures,failure_rate,correction_budget,latency_ms,final_instability
control,0,0.0,4201,0.4201,0,1192.6544540037867,0.7566
control,1,0.0,4322,0.4322,0,1190.783261001343,0.7684
control,2,0.0,4227,0.4227,0,1189.9672750150785,0.7552
control,3,0.0,4256,0.4256,0,1190.040854999097,0.7565
control,4,0.0,4179,0.4179,0,1189.5682720059995,0.7629
control,5,0.0,4265,0.4265,0,1189.0996889851522,0.7631
control,6,0.0,4166,0.4166,0,1190.4473330068868,0.7591
control,7,0.0,4288,0.4288,0,1190.3154340106994,0.7542
control,8,0.0,4103,0.4103,0,1189.7361270093825,0.7581
control,9,0.0,4260,0.426,0,1190.2033860096708,0.7592
control,10,0.0,4277,0.4277,0,1189.322979975259,0.7618
control,11,0.0,4248,0.4248,0,1189.3417749961372,0.7603
control,12,0.0,4221,0.4221,0,1189.0006520261522,0.754
control,13,0.0,4258,0.4258,0,1189.8846300027799,0.7618
control,14,0.0,4218,0.4218,0,1189.9251849972643,0.7577
control,15,0.0,4171,0.4171,0,1190.838251990499,0.7578
control,16,0.0,4215,0.4215,0,1189.9660059716552,0.7616
control,17,0.0,4274,0.4274,0,1190.8504320017528,0.7579
control,18,0.0,4210,0.421,0,1190.0710860209074,0.759
control,19,0.0,4277,0.4277,0,1191.0190019989386,0.7707
control,20,0.0,4312,0.4312,0,1191.4284020022023,0.7621
control,21,0.0,4255,0.4255,0,1190.7544679997955,0.7594
control,22,0.0,4251,0.4251,0,1190.3824330074713,0.7677
control,23,0.0,4163,0.4163,0,1190.7113500055857,0.7586
control,24,0.0,4181,0.4181,0,1189.5960560068488,0.7617
control,25,0.0,4296,0.4296,0,1190.6103729852475,0.7638
control,26,0.0,4175,0.4175,0,1189.6874379890505,0.7556
control,27,0.0,4111,0.4111,0,1189.9292810121551,0.7566
control,28,0.0,4199,0.4199,0,1189.9284899991471,0.7653
control,29,0.0,4246,0.4246,0,1189.7955030144658,0.7626
control,30,0.0,4246,0.4246,0,1190.6035729916766,0.7561
control,31,0.0,4184,0.4184,0,1189.3185759836342,0.7594
control,32,0.0,4314,0.4314,0,1190.7901270024013,0.7612
control,33,0.0,4258,0.4258,0,1190.035870007705,0.7658
control,34,0.0,4165,0.4165,0,1189.0948850195855,0.76
control,35,0.0,4195,0.4195,0,1189.9718850036152,0.7616
control,36,0.0,4183,0.4183,0,1189.8236649867613,0.756
control,37,0.0,4221,0.4221,0,1190.134119009599,0.7545
control,38,0.0,4156,0.4156,0,1189.5999340049457,0.7599
control,39,0.0,4270,0.427,0,1190.4871739970986,0.7623
control,40,0.0,4186,0.4186,0,1190.3909239917994,0.7605
control,41,0.0,4191,0.4191,0,1190.1943499979097,0.7612
control,42,0.0,4250,0.425,0,1189.906701009022,0.7615
control,43,0.0,4274,0.4274,0,1190.7036989869084,0.7608
control,44,0.0,4248,0.4248,0,1190.3447840013541,0.7626
control,45,0.0,4273,0.4273,0,1190.6628840079065,0.7708
control,46,0.0,4156,0.4156,0,1190.7419039926026,0.7586
control,47,0.0,4260,0.426,0,1189.8285680217668,0.7632
control,48,0.0,4227,0.4227,0,1189.5751289848704,0.7586
control,49,0.0,4311,0.4311,0,1190.8719209895935,0.7611
continuous_supervision,0,0.0,0,0.0,509636,1693.334406008944,0.0002
continuous_supervision,1,0.0,0,0.0,512412,1697.0463019970339,0.0
continuous_supervision,2,0.0,0,0.0,511778,1692.0638059964404,0.0
continuous_supervision,3,0.0,0,0.0,510820,1691.3226759934332,0.0
continuous_supervision,4,0.0,0,0.0,511860,1695.5088289978448,0.0001
continuous_supervision,5,0.0,0,0.0,509364,1692.5512379966676,0.0
continuous_supervision,6,0.0,0,0.0,511530,1691.85430201469,0.0001
continuous_supervision,7,0.0,0,0.0,512635,1711.4476350252517,0.0001
continuous_supervision,8,0.0,0,0.0,511858,1700.8147579908837,0.0
continuous_supervision,9,0.0,0,0.0,510615,1698.881137999706,0.0001
continuous_supervision,10,0.0,0,0.0,512000,1700.1877629954834,0.0001
continuous_supervision,11,0.0,0,0.0,513241,1699.5091319840867,0.0
continuous_supervision,12,0.0,0,0.0,511850,1700.4309759940952,0.0002
continuous_supervision,13,0.0,0,0.0,512092,1700.5565659783315,0.0003
continuous_supervision,14,0.0,0,0.0,511661,1700.2127960149664,0.0
continuous_supervision,15,0.0,0,0.0,510918,1698.8149709941354,0.0
continuous_supervision,16,0.0,0,0.0,511487,1699.0170440112706,0.0002
continuous_supervision,17,0.0,0,0.0,511579,1700.6550079968292,0.0002
continuous_supervision,18,0.0,0,0.0,512538,1692.3790790024213,0.0
continuous_supervision,19,0.0,0,0.0,512311,1692.8261189896148,0.0003
continuous_supervision,20,0.0,0,0.0,511712,1692.3365189868491,0.0002
continuous_supervision,21,0.0,0,0.0,512942,1692.6818930078298,0.0002
continuous_supervision,22,0.0,0,0.0,511771,1691.8886009952985,0.0004
continuous_supervision,23,0.0,0,0.0,513858,1692.8852300043218,0.0
continuous_supervision,24,0.0,0,0.0,512686,1691.7320220090915,0.0002
continuous_supervision,25,0.0,0,0.0,511307,1692.2305210027844,0.0002
continuous_supervision,26,0.0,0,0.0,512291,1691.5233120089397,0.0001
continuous_supervision,27,0.0,0,0.0,509403,1693.2145269820467,0.0001
continuous_supervision,28,0.0,0,0.0,513845,1692.4989979888778,0.0
continuous_supervision,29,0.0,0,0.0,513022,1694.865244004177,0.0001
continuous_supervision,30,0.0,0,0.0,512571,1693.935818009777,0.0
continuous_supervision,31,0.0,0,0.0,511064,1691.1366299900692,0.0
continuous_supervision,32,0.0,0,0.0,510715,1692.3935240192804,0.0
continuous_supervision,33,0.0,0,0.0,511075,1691.7136109841522,0.0
continuous_supervision,34,0.0,0,0.0,511966,1691.3310870004352,0.0001
continuous_supervision,35,0.0,0,0.0,512557,1691.6547309956513,0.0001
continuous_supervision,36,0.0,0,0.0,513306,1692.2892979928292,0.0001
continuous_supervision,37,0.0,0,0.0,512144,1692.048185999738,0.0001
continuous_supervision,38,0.0,0,0.0,511824,1691.5255270141643,0.0001
continuous_supervision,39,0.0,0,0.0,512122,1692.1637100167572,0.0
continuous_supervision,40,0.0,0,0.0,513288,1692.5377560255583,0.0
continuous_supervision,41,0.0,0,0.0,511963,1694.0784369944595,0.0003
continuous_supervision,42,0.0,0,0.0,512946,1693.1459699990228,0.0001
continuous_supervision,43,0.0,0,0.0,511017,1692.0151920057833,0.0001
continuous_supervision,44,0.0,0,0.0,512208,1692.5584609853104,0.0001
continuous_supervision,45,0.0,0,0.0,511345,1693.1035520101432,0.0
continuous_supervision,46,0.0,0,0.0,511243,1691.861250990769,0.0
continuous_supervision,47,0.0,0,0.0,513445,1694.5435410016216,0.0
continuous_supervision,48,0.0,0,0.0,512754,1694.0610430028755,0.0002
continuous_supervision,49,0.0,0,0.0,513359,1692.6733599975705,0.0001
event_gated_no_cooccurrence,0,0.0,0,0.0,153425,1611.5499659790657,0.0011
event_gated_no_cooccurrence,1,0.0,0,0.0,155873,1612.5700490083545,0.0012
event_gated_no_cooccurrence,2,0.0,0,0.0,154641,1610.5471090122592,0.0086
event_gated_no_cooccurrence,3,0.0,0,0.0,154489,1611.9766479823738,0.0015
event_gated_no_cooccurrence,4,0.0,0,0.0,153693,1611.1797679914162,0.0011
event_gated_no_cooccurrence,5,0.0,0,0.0,153556,1614.8040749831125,0.0024
event_gated_no_cooccurrence,6,0.0,0,0.0,154203,1612.3247670184355,0.0007
event_gated_no_cooccurrence,7,0.0,0,0.0,155308,1614.9738680105656,0.0017
event_gated_no_cooccurrence,8,0.0,0,0.0,153953,1613.787024980411,0.001
event_gated_no_cooccurrence,9,0.0,0,0.0,153939,1612.4099949956872,0.0012
event_gated_no_cooccurrence,10,0.0,0,0.0,154855,1613.1098740152083,0.0028
event_gated_no_cooccurrence,11,0.0,0,0.0,154522,1612.0201850135345,0.0014
event_gated_no_cooccurrence,12,0.0,0,0.0,152770,1611.4151510118973,0.0013
event_gated_no_cooccurrence,13,0.0,0,0.0,153257,1614.415755000664,0.0014
event_gated_no_cooccurrence,14,0.0,0,0.0,155350,1614.4502660026774,0.0067
event_gated_no_cooccurrence,15,0.0,0,0.0,154933,1614.9693700135686,0.0019
event_gated_no_cooccurrence,16,0.0,0,0.0,154787,1611.9590979942586,0.0012
event_gated_no_cooccurrence,17,0.0,0,0.0,156074,1612.406039988855,0.0017
event_gated_no_cooccurrence,18,0.0,0,0.0,154057,1613.5914729966316,0.0024
event_gated_no_cooccurrence,19,0.0,0,0.0,154834,1611.4454230119009,0.0015
event_gated_no_cooccurrence,20,0.0,0,0.0,153973,1611.3414319988806,0.0016
event_gated_no_cooccurrence,21,0.0,0,0.0,154150,1610.705647006398,0.0006
event_gated_no_cooccurrence,22,0.0,0,0.0,154389,1610.5975919927005,0.002
event_gated_no_cooccurrence,23,0.0,0,0.0,154398,1610.9304490091745,0.0016
event_gated_no_cooccurrence,24,0.0,0,0.0,155225,1613.3757369825616,0.0012
event_gated_no_cooccurrence,25,0.0,0,0.0,154213,1609.7568960103672,0.0015
event_gated_no_cooccurrence,26,0.0,0,0.0,154269,1612.583734007785,0.0013
event_gated_no_cooccurrence,27,0.0,0,0.0,152713,1613.1530150014441,0.0012
event_gated_no_cooccurrence,28,0.0,0,0.0,153590,1613.5952529730275,0.0016
event_gated_no_cooccurrence,29,0.0,0,0.0,155016,1614.3542699865066,0.0015
event_gated_no_cooccurrence,30,0.0,0,0.0,153861,1615.5808869807515,0.0016
event_gated_no_cooccurrence,31,0.0,0,0.0,153469,1613.6855029908475,0.0006
event_gated_no_cooccurrence,32,0.0,0,0.0,153486,1613.1928249960765,0.0014
event_gated_no_cooccurrence,33,0.0,0,0.0,154455,1611.9154139887542,0.0008
event_gated_no_cooccurrence,34,0.0,0,0.0,153845,1609.7194750036579,0.0011
event_gated_no_cooccurrence,35,0.0,0,0.0,154000,1612.6701880129986,0.0024
event_gated_no_cooccurrence,36,0.0,0,0.0,154962,1614.2703880032059,0.0068
event_gated_no_cooccurrence,37,0.0,0,0.0,153778,1612.5279050029349,0.0023
event_gated_no_cooccurrence,38,0.0,0,0.0,154080,1613.5055530176032,0.0018
event_gated_no_cooccurrence,39,0.0,0,0.0,154615,1613.7467270018533,0.0016
event_gated_no_cooccurrence,40,0.0,0,0.0,154035,1610.501788003603,0.0014
event_gated_no_cooccurrence,41,0.0,0,0.0,153565,1612.0893139741383,0.0015
event_gated_no_cooccurrence,42,0.0,0,0.0,154965,1610.0163869850803,0.0016
event_gated_no_cooccurrence,43,0.0,0,0.0,154323,1610.7690350036137,0.002
event_gated_no_cooccurrence,44,0.0,0,0.0,154515,1610.025244008284,0.0016
event_gated_no_cooccurrence,45,0.0,0,0.0,156085,1611.4587490155827,0.0017
event_gated_no_cooccurrence,46,0.0,0,0.0,152854,1609.9820020026527,0.0094
event_gated_no_cooccurrence,47,0.0,0,0.0,153118,1609.939868998481,0.001
event_gated_no_cooccurrence,48,0.0,0,0.0,152885,1613.0398030218203,0.0011
event_gated_no_cooccurrence,49,0.0,0,0.0,154094,1612.737821007613,0.001
event_gated_duj,0,0.0,0,0.0,139760,1855.960827000672,0.0097
event_gated_duj,1,0.0,0,0.0,139289,1856.4038359909318,0.0092
event_gated_duj,2,0.0,0,0.0,139486,1854.3552960036322,0.0153
event_gated_duj,3,0.0,0,0.0,139421,1852.0611790008843,0.0109
event_gated_duj,4,0.0,0,0.0,139418,1852.705571014667,0.0106
event_gated_duj,5,0.0,0,0.0,138998,1852.760979993036,0.0098
event_gated_duj,6,0.0,0,0.0,140233,1852.5497569935396,0.0115
event_gated_duj,7,0.0,0,0.0,138629,1852.2219200094696,0.0096
event_gated_duj,8,0.0,0,0.0,139368,1852.033224015031,0.0112
event_gated_duj,9,0.0,0,0.0,139476,1851.00507401512,0.0099
event_gated_duj,10,0.0,0,0.0,139404,1850.9628790197894,0.0087
event_gated_duj,11,0.0,0,0.0,139853,1850.9296780102886,0.0094
event_gated_duj,12,0.0,0,0.0,139306,1849.8169480008073,0.0092
event_gated_duj,13,0.0,0,0.0,139069,1852.087384002516,0.0153
event_gated_duj,14,0.0,0,0.0,139382,1851.7090489913244,0.0097
event_gated_duj,15,0.0,0,0.0,139214,1849.0999740024563,0.0175
event_gated_duj,16,0.0,0,0.0,139395,1852.3982560145669,0.0099
event_gated_duj,17,0.0,0,0.0,139739,1852.485697978409,0.0106
event_gated_duj,18,0.0,0,0.0,139835,1853.4085949941073,0.0165
event_gated_duj,19,0.0,0,0.0,138898,1852.3541719769128,0.0164
event_gated_duj,20,0.0,0,0.0,139008,1851.4206480176654,0.0106
event_gated_duj,21,0.0,0,0.0,139091,1851.4929849770851,0.0156
event_gated_duj,22,0.0,0,0.0,138731,1851.614828017773,0.0088
event_gated_duj,23,0.0,0,0.0,138978,1850.989988015499,0.0102
event_gated_duj,24,0.0,0,0.0,139483,1851.051540026674,0.0104
event_gated_duj,25,0.0,0,0.0,139243,1851.051842997549,0.0081
event_gated_duj,26,0.0,0,0.0,139260,1851.9109940098133,0.009
event_gated_duj,27,0.0,0,0.0,139557,1851.48676901008,0.0118
event_gated_duj,28,0.0,0,0.0,139992,1850.2444000041578,0.0099
event_gated_duj,29,0.0,0,0.0,138205,1852.085763006471,0.0088
event_gated_duj,30,0.0,0,0.0,139988,1852.5226899946574,0.0173
event_gated_duj,31,0.0,0,0.0,139185,1852.5438249926083,0.0086
event_gated_duj,32,0.0,0,0.0,138807,1851.8922960211057,0.0142
event_gated_duj,33,0.0,0,0.0,139273,1851.0843759868294,0.0101
event_gated_duj,34,0.0,0,0.0,138726,1849.7331720136572,0.0156
event_gated_duj,35,0.0,0,0.0,139687,1851.5794620034285,0.01
event_gated_duj,36,0.0,0,0.0,138905,1851.5033769945148,0.0138
event_gated_duj,37,0.0,0,0.0,138666,1851.7731610045303,0.0094
event_gated_duj,38,0.0,0,0.0,138854,1851.3583760068286,0.009
event_gated_duj,39,0.0,0,0.0,139345,1851.131308998447,0.0147
event_gated_duj,40,0.0,0,0.0,139192,1851.2788170191925,0.0109
event_gated_duj,41,0.0,0,0.0,139404,1851.2620620022062,0.0102
event_gated_duj,42,0.0,0,0.0,139294,1851.1846010223962,0.0115
event_gated_duj,43,0.0,0,0.0,139553,1851.3110499770846,0.0086
event_gated_duj,44,0.0,0,0.0,139120,1852.6083289762028,0.0094
event_gated_duj,45,0.0,0,0.0,139646,1855.683144996874,0.0156
event_gated_duj,46,0.0,0,0.0,138517,1852.8989909973461,0.0082
event_gated_duj,47,0.0,0,0.0,139577,1852.100446994882,0.0098
event_gated_duj,48,0.0,0,0.0,138526,1852.5798690097872,0.0156
event_gated_duj,49,0.0,0,0.0,138394,1853.4668929933105,0.0096
control,0,0.1,4201,0.4201,0,1224.7324399941135,0.7566
control,1,0.1,4322,0.4322,0,1224.5778490032535,0.7684
control,2,0.1,4227,0.4227,0,1224.5064279995859,0.7552
control,3,0.1,4256,0.4256,0,1224.3781729775947,0.7565
control,4,0.1,4179,0.4179,0,1224.5912099897396,0.7629
control,5,0.1,4265,0.4265,0,1223.60138699878,0.7631
control,6,0.1,4166,0.4166,0,1224.8013100179378,0.7591
control,7,0.1,4288,0.4288,0,1223.9730290020816,0.7542
control,8,0.1,4103,0.4103,0,1223.70800000499,0.7581
control,9,0.1,4260,0.426,0,1224.845840013586,0.7592
control,10,0.1,4277,0.4277,0,1224.4309509987943,0.7618
control,11,0.1,4248,0.4248,0,1223.6422230198514,0.7603
control,12,0.1,4221,0.4221,0,1224.7747830115259,0.754
control,13,0.1,4258,0.4258,0,1224.7944700066,0.7618
control,14,0.1,4218,0.4218,0,1224.217942013638,0.7577
control,15,0.1,4171,0.4171,0,1224.1974339995068,0.7578
control,16,0.1,4215,0.4215,0,1223.2972150086425,0.7616
control,17,0.1,4274,0.4274,0,1224.88153501763,0.7579
control,18,0.1,4210,0.421,0,1224.6496280131396,0.759
control,19,0.1,4277,0.4277,0,1224.830216000555,0.7707
control,20,0.1,4312,0.4312,0,1224.6476229920518,0.7621
control,21,0.1,4255,0.4255,0,1226.2504090031143,0.7594
control,22,0.1,4251,0.4251,0,1224.8124410107266,0.7677
control,23,0.1,4163,0.4163,0,1223.6437299870886,0.7586
control,24,0.1,4181,0.4181,0,1224.8145310149994,0.7617
control,25,0.1,4296,0.4296,0,1223.9529049838893,0.7638
control,26,0.1,4175,0.4175,0,1224.145652988227,0.7556
control,27,0.1,4111,0.4111,0,1224.314849008806,0.7566
control,28,0.1,4199,0.4199,0,1223.958777001826,0.7653
control,29,0.1,4246,0.4246,0,1223.6461309948936,0.7626
control,30,0.1,4246,0.4246,0,1223.5518929956015,0.7561
control,31,0.1,4184,0.4184,0,1223.8753350102343,0.7594
control,32,0.1,4314,0.4314,0,1223.343767982442,0.7612
control,33,0.1,4258,0.4258,0,1223.7288109899964,0.7658
control,34,0.1,4165,0.4165,0,1223.9296890038531,0.76
control,35,0.1,4195,0.4195,0,1224.5382289984263,0.7616
control,36,0.1,4183,0.4183,0,1223.8235829863697,0.756
control,37,0.1,4221,0.4221,0,1224.4329230161384,0.7545
control,38,0.1,4156,0.4156,0,1224.2181370093022,0.7599
control,39,0.1,4270,0.427,0,1224.2147179786116,0.7623
control,40,0.1,4186,0.4186,0,1224.0719340043142,0.7605
control,41,0.1,4191,0.4191,0,1223.7794480170123,0.7612
control,42,0.1,4250,0.425,0,1224.4757990119979,0.7615
control,43,0.1,4274,0.4274,0,1223.8996240193956,0.7608
control,44,0.1,4248,0.4248,0,1223.9095760160126,0.7626
control,45,0.1,4273,0.4273,0,1223.8076989888214,0.7708
control,46,0.1,4156,0.4156,0,1224.0717329841573,0.7586
control,47,0.1,4260,0.426,0,1223.224383982597,0.7632
control,48,0.1,4227,0.4227,0,1224.1255389817525,0.7586
control,49,0.1,4311,0.4311,0,1224.278959009098,0.7611
continuous_supervision,0,0.1,0,0.0,2298850,1997.3153129976708,0.0001
continuous_supervision,1,0.1,0,0.0,2300535,1995.792685978813,0.0
continuous_supervision,2,0.1,0,0.0,2296521,1995.8321979793254,0.0001
continuous_supervision,3,0.1,0,0.0,2298922,1995.5061940127052,0.0
continuous_supervision,4,0.1,0,0.0,2298926,1994.7552210069261,0.0
continuous_supervision,5,0.1,0,0.0,2299276,1995.2465370006394,0.0
continuous_supervision,6,0.1,0,0.0,2302179,1995.82898200606,0.0
continuous_supervision,7,0.1,0,0.0,2300835,1996.1922689981293,0.0001
continuous_supervision,8,0.1,0,0.0,2301769,1995.4544049978722,0.0
continuous_supervision,9,0.1,0,0.0,2300824,1995.227162988158,0.0
continuous_supervision,10,0.1,0,0.0,2302311,1995.5930339929182,0.0001
continuous_supervision,11,0.1,0,0.0,2300835,1996.075697010383,0.0
continuous_supervision,12,0.1,0,0.0,2298274,1995.2973439940251,0.0
continuous_supervision,13,0.1,0,0.0,2300065,1994.9403069913387,0.0003
continuous_supervision,14,0.1,0,0.0,2300775,1994.82437298866,0.0001
continuous_supervision,15,0.1,0,0.0,2300297,1993.854407017352,0.0001
continuous_supervision,16,0.1,0,0.0,2298861,1994.6518869837746,0.0001
continuous_supervision,17,0.1,0,0.0,2302148,1994.1796459897887,0.0002
continuous_supervision,18,0.1,0,0.0,2298750,1994.3480050133076,0.0
continuous_supervision,19,0.1,0,0.0,2301492,1996.323619998293,0.0002
continuous_supervision,20,0.1,0,0.0,2298020,1994.980318006128,0.0002
continuous_supervision,21,0.1,0,0.0,2302423,1995.4400759888813,0.0001
continuous_supervision,22,0.1,0,0.0,2299938,1993.8915320090018,0.0003
continuous_supervision,23,0.1,0,0.0,2302070,1994.8275159986224,0.0
continuous_supervision,24,0.1,0,0.0,2298853,1999.3598779838067,0.0001
continuous_supervision,25,0.1,0,0.0,2299422,1995.9029500023462,0.0001
continuous_supervision,26,0.1,0,0.0,2299167,1995.5711279762909,0.0001
continuous_supervision,27,0.1,0,0.0,2298963,1996.091704000719,0.0
continuous_supervision,28,0.1,0,0.0,2302919,1995.5622869892977,0.0
continuous_supervision,29,0.1,0,0.0,2302597,1995.456300006481,0.0001
continuous_supervision,30,0.1,0,0.0,2301215,1997.5481469882652,0.0
continuous_supervision,31,0.1,0,0.0,2297079,1996.2613880052231,0.0
continuous_supervision,32,0.1,0,0.0,2301298,1995.88011202286,0.0
continuous_supervision,33,0.1,0,0.0,2299791,1995.3925049921963,0.0001
continuous_supervision,34,0.1,0,0.0,2301110,1995.9536389796995,0.0
continuous_supervision,35,0.1,0,0.0,2298780,1994.5759300026111,0.0001
continuous_supervision,36,0.1,0,0.0,2300641,1995.1993600116111,0.0001
continuous_supervision,37,0.1,0,0.0,2299968,1995.0387009885162,0.0001
continuous_supervision,38,0.1,0,0.0,2299017,1994.5845830079634,0.0001
continuous_supervision,39,0.1,0,0.0,2296430,1993.8860260008369,0.0
continuous_supervision,40,0.1,0,0.0,2299897,1995.2802900224924,0.0
continuous_supervision,41,0.1,0,0.0,2298921,1995.3822969982866,0.0003
continuous_supervision,42,0.1,0,0.0,2302202,1996.065521001583,0.0001
continuous_supervision,43,0.1,0,0.0,2298107,1995.5984959960915,0.0001
continuous_supervision,44,0.1,0,0.0,2299335,1996.7941069917288,0.0001
continuous_supervision,45,0.1,0,0.0,2297364,1994.6504239924252,0.0
continuous_supervision,46,0.1,0,0.0,2300106,1995.4837760014925,0.0
continuous_supervision,47,0.1,0,0.0,2298968,1995.1402239967138,0.0
continuous_supervision,48,0.1,0,0.0,2300771,1995.5818470043596,0.0002
continuous_supervision,49,0.1,0,0.0,2299367,1995.2633770008106,0.0
event_gated_no_cooccurrence,0,0.1,0,0.0,2032153,1926.7854999925476,0.0002
event_gated_no_cooccurrence,1,0.1,0,0.0,2032960,1924.9821609992068,0.0001
event_gated_no_cooccurrence,2,0.1,0,0.0,2032054,1925.6440470053349,0.0012
event_gated_no_cooccurrence,3,0.1,0,0.0,2033063,1926.2758220138494,0.0006
event_gated_no_cooccurrence,4,0.1,0,0.0,2031961,1927.7351729979273,0.0001
event_gated_no_cooccurrence,5,0.1,0,0.0,2032618,1926.8174180178903,0.0002
event_gated_no_cooccurrence,6,0.1,0,0.0,2031943,1925.9811360097956,0.0003
event_gated_no_cooccurrence,7,0.1,0,0.0,2034839,1926.7698559851851,0.0006
event_gated_no_cooccurrence,8,0.1,0,0.0,2031848,1926.3136080116965,0.0004
event_gated_no_cooccurrence,9,0.1,0,0.0,2034881,1925.4564479924738,0.0006
event_gated_no_cooccurrence,10,0.1,0,0.0,2032737,1926.3281669991557,0.0008
event_gated_no_cooccurrence,11,0.1,0,0.0,2033428,1925.6747369945515,0.0006
event_gated_no_cooccurrence,12,0.1,0,0.0,2032139,1925.078422005754,0.0004
event_gated_no_cooccurrence,13,0.1,0,0.0,2033807,1925.9143300005235,0.0003
event_gated_no_cooccurrence,14,0.1,0,0.0,2033614,1925.4754130088259,0.0017
event_gated_no_cooccurrence,15,0.1,0,0.0,2032497,1924.9191870039795,0.0004
event_gated_no_cooccurrence,16,0.1,0,0.0,2033779,1925.9042989870068,0.0001
event_gated_no_cooccurrence,17,0.1,0,0.0,2035843,1925.4411210131366,0.0004
event_gated_no_cooccurrence,18,0.1,0,0.0,2033508,1924.8897850047797,0.0005
event_gated_no_cooccurrence,19,0.1,0,0.0,2035534,1926.20157302008,0.0003
event_gated_no_cooccurrence,20,0.1,0,0.0,2034449,1925.648092001211,0.0003
event_gated_no_cooccurrence,21,0.1,0,0.0,2033196,1925.6249830068555,0.0001
event_gated_no_cooccurrence,22,0.1,0,0.0,2033156,1925.046762014972,0.0007
event_gated_no_cooccurrence,23,0.1,0,0.0,2033777,1924.6579050086439,0.0001
event_gated_no_cooccurrence,24,0.1,0,0.0,2034930,1925.3536729956977,0.0004
event_gated_no_cooccurrence,25,0.1,0,0.0,2031539,1925.6896470033098,0.0003
event_gated_no_cooccurrence,26,0.1,0,0.0,2033219,1925.5570620007347,0.0001
event_gated_no_cooccurrence,27,0.1,0,0.0,2032071,1925.3462070191745,0.0002
event_gated_no_cooccurrence,28,0.1,0,0.0,2032808,1924.898174998816,0.0002
event_gated_no_cooccurrence,29,0.1,0,0.0,2031462,1926.483563001966,0.0001
event_gated_no_cooccurrence,30,0.1,0,0.0,2031947,1926.817832980305,0.0002
event_gated_no_cooccurrence,31,0.1,0,0.0,2030921,1925.5618600000162,0.0004
event_gated_no_cooccurrence,32,0.1,0,0.0,2030375,1927.3044230067171,0.0006
event_gated_no_cooccurrence,33,0.1,0,0.0,2033597,1925.0670219771564,0.0002
event_gated_no_cooccurrence,34,0.1,0,0.0,2032251,1925.4836500040255,0.0003
event_gated_no_cooccurrence,35,0.1,0,0.0,2030506,1925.5320340162143,0.0006
event_gated_no_cooccurrence,36,0.1,0,0.0,2030786,1925.9470909892116,0.0013
event_gated_no_cooccurrence,37,0.1,0,0.0,2033466,1926.931722991867,0.0006
event_gated_no_cooccurrence,38,0.1,0,0.0,2032018,1925.4422420053743,0.0005
event_gated_no_cooccurrence,39,0.1,0,0.0,2036063,1925.748465990182,0.0003
event_gated_no_cooccurrence,40,0.1,0,0.0,2033989,1926.35333299404,0.0004
event_gated_no_cooccurrence,41,0.1,0,0.0,2033317,1926.3100000098348,0.0008
event_gated_no_cooccurrence,42,0.1,0,0.0,2033384,1926.2462809856515,0.0001
event_gated_no_cooccurrence,43,0.1,0,0.0,2032612,1925.749616988469,0.0007
event_gated_no_cooccurrence,44,0.1,0,0.0,2031495,1926.1218780011404,0.0005
event_gated_no_cooccurrence,45,0.1,0,0.0,2032358,1928.262873989297,0.0001
event_gated_no_cooccurrence,46,0.1,0,0.0,2033051,1927.0517709956039,0.0022
event_gated_no_cooccurrence,47,0.1,0,0.0,2031608,1926.1296800104901,0.0004
event_gated_no_cooccurrence,48,0.1,0,0.0,2032822,1926.6955930215772,0.0003
event_gated_no_cooccurrence,49,0.1,0,0.0,2034460,1925.4311700060498,0.0002
event_gated_duj,0,0.1,0,0.0,141302,1925.7078090158757,0.0129
event_gated_duj,1,0.1,0,0.0,141818,1924.8036890057847,0.0059
event_gated_duj,2,0.1,0,0.0,141312,1925.1918089867104,0.0071
event_gated_duj,3,0.1,0,0.0,141780,1924.6490809891839,0.0069
event_gated_duj,4,0.1,0,0.0,141846,1924.7454639989883,0.0074
event_gated_duj,5,0.1,0,0.0,143029,1924.8206629999913,0.0071
event_gated_duj,6,0.1,0,0.0,141996,1924.380837008357,0.0049
event_gated_duj,7,0.1,0,0.0,141388,1923.8651719933841,0.0071
event_gated_duj,8,0.1,0,0.0,142223,1924.0220909996424,0.0081
event_gated_duj,9,0.1,0,0.0,142344,1924.0346619917545,0.0094
event_gated_duj,10,0.1,0,0.0,141276,1922.9036289907526,0.0067
event_gated_duj,11,0.1,0,0.0,143025,1924.076605006121,0.0061
event_gated_duj,12,0.1,0,0.0,142258,1923.2374870043714,0.0074
event_gated_duj,13,0.1,0,0.0,140688,1923.5035140009131,0.0072
event_gated_duj,14,0.1,0,0.0,142615,1923.8360339950304,0.0062
event_gated_duj,15,0.1,0,0.0,142102,1923.9662869949825,0.0057
event_gated_duj,16,0.1,0,0.0,142537,1923.616393993143,0.0067
event_gated_duj,17,0.1,0,0.0,141504,1924.0474659891333,0.0071
event_gated_duj,18,0.1,0,0.0,141982,1924.0546789951622,0.0071
event_gated_duj,19,0.1,0,0.0,141745,1923.5555060149636,0.0063
event_gated_duj,20,0.1,0,0.0,141909,1924.4648950116243,0.013
event_gated_duj,21,0.1,0,0.0,141687,1924.6149160026107,0.0061
event_gated_duj,22,0.1,0,0.0,141317,1923.178391996771,0.0124
event_gated_duj,23,0.1,0,0.0,141609,1924.9079830187839,0.0076
event_gated_duj,24,0.1,0,0.0,142017,1924.1480430064257,0.0067
event_gated_duj,25,0.1,0,0.0,141826,1923.5036169993691,0.0074
event_gated_duj,26,0.1,0,0.0,141945,1923.043439979665,0.0068
event_gated_duj,27,0.1,0,0.0,141708,1924.2668910010252,0.0079
event_gated_duj,28,0.1,0,0.0,142649,1923.990354000125,0.0061
event_gated_duj,29,0.1,0,0.0,142083,1924.5167990156915,0.0125
event_gated_duj,30,0.1,0,0.0,141901,1923.7253300088923,0.0073
event_gated_duj,31,0.1,0,0.0,141964,1923.948613984976,0.0134
event_gated_duj,32,0.1,0,0.0,141902,1924.0429399942514,0.013
event_gated_duj,33,0.1,0,0.0,142143,1923.2025709934533,0.006
event_gated_duj,34,0.1,0,0.0,142154,1923.805999016622,0.0057
event_gated_duj,35,0.1,0,0.0,141306,1923.9035850041546,0.0069
event_gated_duj,36,0.1,0,0.0,141237,1925.1120550034102,0.0085
event_gated_duj,37,0.1,0,0.0,142575,1924.296098004561,0.0078
event_gated_duj,38,0.1,0,0.0,141827,1925.1801219943445,0.0075
event_gated_duj,39,0.1,0,0.0,141116,1927.5895739847329,0.0068
event_gated_duj,40,0.1,0,0.0,141747,1925.5940610019024,0.0061
event_gated_duj,41,0.1,0,0.0,141656,1924.362105986802,0.0069
event_gated_duj,42,0.1,0,0.0,142669,1924.628317996394,0.0074
event_gated_duj,43,0.1,0,0.0,141516,1923.76041499665,0.0064
event_gated_duj,44,0.1,0,0.0,142050,1924.0640299976803,0.007
event_gated_duj,45,0.1,0,0.0,141637,1925.141095998697,0.0076
event_gated_duj,46,0.1,0,0.0,141692,1924.7329530189745,0.0069
event_gated_duj,47,0.1,0,0.0,141751,1924.3563919735607,0.0093
event_gated_duj,48,0.1,0,0.0,141674,1924.485094990814,0.0115
event_gated_duj,49,0.1,0,0.0,141798,1924.5434000040404,0.0059
control,0,0.3,4201,0.4201,0,1272.183486027643,0.7566
control,1,0.3,4322,0.4322,0,1270.4453750047833,0.7684
control,2,0.3,4227,0.4227,0,1271.1972769757267,0.7552
control,3,0.3,4256,0.4256,0,1270.2213580196258,0.7565
control,4,0.3,4179,0.4179,0,1270.8640350028872,0.7629
control,5,0.3,4265,0.4265,0,1270.5214360030368,0.7631
control,6,0.3,4166,0.4166,0,1270.8468199998606,0.7591
control,7,0.3,4288,0.4288,0,1270.4994670057204,0.7542
control,8,0.3,4103,0.4103,0,1271.421936020488,0.7581
control,9,0.3,4260,0.426,0,1270.6149959994946,0.7592
control,10,0.3,4277,0.4277,0,1269.9014919926412,0.7618
control,11,0.3,4248,0.4248,0,1269.8391620069742,0.7603
control,12,0.3,4221,0.4221,0,1269.7673410002608,0.754
control,13,0.3,4258,0.4258,0,1270.6330940127373,0.7618
control,14,0.3,4218,0.4218,0,1270.8045320177916,0.7577
control,15,0.3,4171,0.4171,0,1271.2770029902458,0.7578
control,16,0.3,4215,0.4215,0,1270.5050660006236,0.7616
control,17,0.3,4274,0.4274,0,1271.6462360112928,0.7579
control,18,0.3,4210,0.421,0,1269.245036994107,0.759
control,19,0.3,4277,0.4277,0,1270.9848280064762,0.7707
control,20,0.3,4312,0.4312,0,1269.9241609952878,0.7621
control,21,0.3,4255,0.4255,0,1270.9004689822905,0.7594
control,22,0.3,4251,0.4251,0,1270.843350008363,0.7677
control,23,0.3,4163,0.4163,0,1270.131797005888,0.7586
control,24,0.3,4181,0.4181,0,1270.5602450005244,0.7617
control,25,0.3,4296,0.4296,0,1270.8185559895355,0.7638
control,26,0.3,4175,0.4175,0,1270.9273849905003,0.7556
control,27,0.3,4111,0.4111,0,1271.8870530079585,0.7566
control,28,0.3,4199,0.4199,0,1271.0008099966217,0.7653
control,29,0.3,4246,0.4246,0,1270.7862410170492,0.7626
control,30,0.3,4246,0.4246,0,1271.2070219859015,0.7561
control,31,0.3,4184,0.4184,0,1271.672363014659,0.7594
control,32,0.3,4314,0.4314,0,1270.2018750132993,0.7612
control,33,0.3,4258,0.4258,0,1269.3977899907622,0.7658
control,34,0.3,4165,0.4165,0,1270.7631809753366,0.76
control,35,0.3,4195,0.4195,0,1270.12582597672,0.7616
control,36,0.3,4183,0.4183,0,1270.1144729799125,0.756
control,37,0.3,4221,0.4221,0,1270.527132001007,0.7545
control,38,0.3,4156,0.4156,0,1270.5584329960402,0.7599
control,39,0.3,4270,0.427,0,1268.7024459883105,0.7623
control,40,0.3,4186,0.4186,0,1270.84282899159,0.7605
control,41,0.3,4191,0.4191,0,1270.35770699149,0.7612
control,42,0.3,4250,0.425,0,1270.399503002409,0.7615
control,43,0.3,4274,0.4274,0,1270.779754006071,0.7608
control,44,0.3,4248,0.4248,0,1269.888943003025,0.7626
control,45,0.3,4273,0.4273,0,1270.3762399905827,0.7708
control,46,0.3,4156,0.4156,0,1271.3965419970918,0.7586
control,47,0.3,4260,0.426,0,1270.132347010076,0.7632
control,48,0.3,4227,0.4227,0,1271.0108809988014,0.7586
control,49,0.3,4311,0.4311,0,1269.5299219922163,0.7611
continuous_supervision,0,0.3,0,0.0,6160132,2336.444674001541,0.0
continuous_supervision,1,0.3,0,0.0,6159676,2335.363240010338,0.0
continuous_supervision,2,0.3,0,0.0,6156813,2337.581092986511,0.0001
continuous_supervision,3,0.3,0,0.0,6157984,2338.718953978969,0.0
continuous_supervision,4,0.3,0,0.0,6157811,2336.9164090254344,0.0001
continuous_supervision,5,0.3,0,0.0,6160997,2335.8613580057863,0.0
continuous_supervision,6,0.3,0,0.0,6160028,2336.934894003207,0.0
continuous_supervision,7,0.3,0,0.0,6161345,2335.1726940018125,0.0
continuous_supervision,8,0.3,0,0.0,6160820,2335.9634559892584,0.0
continuous_supervision,9,0.3,0,0.0,6163394,2335.1233279972803,0.0001
continuous_supervision,10,0.3,0,0.0,6160033,2335.0519360101316,0.0
continuous_supervision,11,0.3,0,0.0,6157795,2334.943446010584,0.0
continuous_supervision,12,0.3,0,0.0,6159370,2334.593637002399,0.0001
continuous_supervision,13,0.3,0,0.0,6159994,2334.9585520045366,0.0004
continuous_supervision,14,0.3,0,0.0,6159908,2334.0071249986067,0.0
continuous_supervision,15,0.3,0,0.0,6161214,2334.4637920090463,0.0001
continuous_supervision,16,0.3,0,0.0,6158669,2334.486563981045,0.0
continuous_supervision,17,0.3,0,0.0,6163314,2335.491866018856,0.0001
continuous_supervision,18,0.3,0,0.0,6158226,2334.1929400048684,0.0
continuous_supervision,19,0.3,0,0.0,6156921,2334.723794978345,0.0002
continuous_supervision,20,0.3,0,0.0,6156412,2335.0939960218966,0.0001
continuous_supervision,21,0.3,0,0.0,6160625,2337.3996799928136,0.0002
continuous_supervision,22,0.3,0,0.0,6158861,2337.6268229912966,0.0003
continuous_supervision,23,0.3,0,0.0,6162383,2337.0269229926635,0.0
continuous_supervision,24,0.3,0,0.0,6157033,2337.405239988584,0.0001
continuous_supervision,25,0.3,0,0.0,6158320,2337.360893987352,0.0001
continuous_supervision,26,0.3,0,0.0,6161240,2336.1130300036166,0.0
continuous_supervision,27,0.3,0,0.0,6159243,2337.130212021293,0.0
continuous_supervision,28,0.3,0,0.0,6159750,2336.9140880240593,0.0
continuous_supervision,29,0.3,0,0.0,6160349,2336.154816992348,0.0001
continuous_supervision,30,0.3,0,0.0,6162123,2335.4473790095653,0.0
continuous_supervision,31,0.3,0,0.0,6155669,2335.0529159943108,0.0
continuous_supervision,32,0.3,0,0.0,6159577,2335.5794430244714,0.0
continuous_supervision,33,0.3,0,0.0,6159784,2335.3125370049383,0.0001
continuous_supervision,34,0.3,0,0.0,6164033,2335.3159189864527,0.0
continuous_supervision,35,0.3,0,0.0,6157879,2334.30556600797,0.0001
continuous_supervision,36,0.3,0,0.0,6161075,2334.5027129980735,0.0001
continuous_supervision,37,0.3,0,0.0,6158205,2334.8743399837986,0.0
continuous_supervision,38,0.3,0,0.0,6157899,2334.7644489840604,0.0002
continuous_supervision,39,0.3,0,0.0,6153715,2334.7365689987782,0.0
continuous_supervision,40,0.3,0,0.0,6157870,2334.3506979872473,0.0001
continuous_supervision,41,0.3,0,0.0,6156770,2335.681744007161,0.0001
continuous_supervision,42,0.3,0,0.0,6162029,2334.3207869911566,0.0001
continuous_supervision,43,0.3,0,0.0,6154457,2335.6087139982264,0.0001
continuous_supervision,44,0.3,0,0.0,6160467,2335.850487987045,0.0002
continuous_supervision,45,0.3,0,0.0,6158656,2335.551817988744,0.0
continuous_supervision,46,0.3,0,0.0,6158169,2336.6496300150175,0.0001
continuous_supervision,47,0.3,0,0.0,6154940,2334.287078003399,0.0
continuous_supervision,48,0.3,0,0.0,6157373,2335.5720629915595,0.0002
continuous_supervision,49,0.3,0,0.0,6161164,2335.2292159979697,0.0001
event_gated_no_cooccurrence,0,0.3,0,0.0,6010558,2288.6912749963813,0.0002
event_gated_no_cooccurrence,1,0.3,0,0.0,6010630,2289.791318005882,0.0
event_gated_no_cooccurrence,2,0.3,0,0.0,6008812,2288.9582109928597,0.0008
event_gated_no_cooccurrence,3,0.3,0,0.0,6012779,2291.1524859955534,0.0004
event_gated_no_cooccurrence,4,0.3,0,0.0,6010558,2289.698665001197,0.0
event_gated_no_cooccurrence,5,0.3,0,0.0,6010629,2288.218895002501,0.0001
event_gated_no_cooccurrence,6,0.3,0,0.0,6007673,2288.9105009962805,0.0003
event_gated_no_cooccurrence,7,0.3,0,0.0,6007887,2288.312153017614,0.0003
event_gated_no_cooccurrence,8,0.3,0,0.0,6010457,2290.399410005193,0.0001
event_gated_no_cooccurrence,9,0.3,0,0.0,6010816,2292.15487500187,0.0005
event_gated_no_cooccurrence,10,0.3,0,0.0,6012562,2290.106429019943,0.0004
event_gated_no_cooccurrence,11,0.3,0,0.0,6010174,2288.9132650161628,0.0002
event_gated_no_cooccurrence,12,0.3,0,0.0,6010153,2291.0856420057826,0.0003
event_gated_no_cooccurrence,13,0.3,0,0.0,6008112,2289.22913299175,0.0002
event_gated_no_cooccurrence,14,0.3,0,0.0,6013446,2290.2532879961655,0.0008
event_gated_no_cooccurrence,15,0.3,0,0.0,6011684,2288.4894990129396,0.0004
event_gated_no_cooccurrence,16,0.3,0,0.0,6010730,2288.431627996033,0.0001
event_gated_no_cooccurrence,17,0.3,0,0.0,6014280,2288.158448005561,0.0004
event_gated_no_cooccurrence,18,0.3,0,0.0,6008088,2288.3853880048264,0.0003
event_gated_no_cooccurrence,19,0.3,0,0.0,6014541,2288.10565097956,0.0003
event_gated_no_cooccurrence,20,0.3,0,0.0,6012092,2288.2045040023513,0.0003
event_gated_no_cooccurrence,21,0.3,0,0.0,6010673,2288.406479987316,0.0
event_gated_no_cooccurrence,22,0.3,0,0.0,6011013,2288.44231198309,0.0003
event_gated_no_cooccurrence,23,0.3,0,0.0,6011342,2289.45264898357,0.0001
event_gated_no_cooccurrence,24,0.3,0,0.0,6009796,2289.5193900039885,0.0003
event_gated_no_cooccurrence,25,0.3,0,0.0,6008608,2287.627905025147,0.0002
event_gated_no_cooccurrence,26,0.3,0,0.0,6011782,2287.569597014226,0.0003
event_gated_no_cooccurrence,27,0.3,0,0.0,6012069,2287.1163779927883,0.0002
event_gated_no_cooccurrence,28,0.3,0,0.0,6010080,2288.1457949988544,0.0
event_gated_no_cooccurrence,29,0.3,0,0.0,6011522,2288.9706999994814,0.0
event_gated_no_cooccurrence,30,0.3,0,0.0,6007274,2288.2211680116598,0.0002
event_gated_no_cooccurrence,31,0.3,0,0.0,6009085,2288.5849850135855,0.0002
event_gated_no_cooccurrence,32,0.3,0,0.0,6010602,2288.529636018211,0.0002
event_gated_no_cooccurrence,33,0.3,0,0.0,6010861,2288.082523009507,0.0001
event_gated_no_cooccurrence,34,0.3,0,0.0,6009365,2288.813317019958,0.0002
event_gated_no_cooccurrence,35,0.3,0,0.0,6010601,2289.470438990975,0.0006
event_gated_no_cooccurrence,36,0.3,0,0.0,6012769,2289.379439986078,0.0005
event_gated_no_cooccurrence,37,0.3,0,0.0,6010299,2288.675335003063,0.0002
event_gated_no_cooccurrence,38,0.3,0,0.0,6009118,2288.8029209861998,0.0004
event_gated_no_cooccurrence,39,0.3,0,0.0,6015078,2288.331597985234,0.0002
event_gated_no_cooccurrence,40,0.3,0,0.0,6010814,2289.6525300166104,0.0001
event_gated_no_cooccurrence,41,0.3,0,0.0,6008526,2288.6395799869206,0.0
event_gated_no_cooccurrence,42,0.3,0,0.0,6009645,2288.880472013261,0.0001
event_gated_no_cooccurrence,43,0.3,0,0.0,6008914,2288.320988009218,0.0003
event_gated_no_cooccurrence,44,0.3,0,0.0,6008339,2288.0432039964944,0.0003
event_gated_no_cooccurrence,45,0.3,0,0.0,6008730,2290.899312007241,0.0
event_gated_no_cooccurrence,46,0.3,0,0.0,6012347,2288.3197969931643,0.0008
event_gated_no_cooccurrence,47,0.3,0,0.0,6010673,2288.0894349946175,0.0002
event_gated_no_cooccurrence,48,0.3,0,0.0,6013057,2287.899443996139,0.0002
event_gated_no_cooccurrence,49,0.3,0,0.0,6011346,2287.675658997614,0.0001
event_gated_duj,0,0.3,0,0.0,144261,1998.783353017643,0.008
event_gated_duj,1,0.3,0,0.0,144700,1997.8314429754391,0.0031
event_gated_duj,2,0.3,0,0.0,144328,1998.0485179985408,0.0026
event_gated_duj,3,0.3,0,0.0,144879,1997.1824919921346,0.0026
event_gated_duj,4,0.3,0,0.0,144759,1997.7472439932171,0.0025
event_gated_duj,5,0.3,0,0.0,145585,1997.508222993929,0.0024
event_gated_duj,6,0.3,0,0.0,144811,1998.2754999946337,0.0037
event_gated_duj,7,0.3,0,0.0,144178,1999.295064015314,0.0031
event_gated_duj,8,0.3,0,0.0,145291,1997.5439819972962,0.0033
event_gated_duj,9,0.3,0,0.0,145307,1998.2679289823864,0.0031
event_gated_duj,10,0.3,0,0.0,144654,1999.1038440202828,0.0035
event_gated_duj,11,0.3,0,0.0,145735,1998.8516019948293,0.003
event_gated_duj,12,0.3,0,0.0,145117,1998.838972998783,0.0031
event_gated_duj,13,0.3,0,0.0,143592,1998.3856419858057,0.0036
event_gated_duj,14,0.3,0,0.0,145271,1998.260724998545,0.0029
event_gated_duj,15,0.3,0,0.0,144922,1998.1991660024505,0.0025
event_gated_duj,16,0.3,0,0.0,145326,1997.5131609826349,0.0038
event_gated_duj,17,0.3,0,0.0,144184,1996.9535220006946,0.0031
event_gated_duj,18,0.3,0,0.0,144989,1997.953142010374,0.0037
event_gated_duj,19,0.3,0,0.0,144744,1997.5025900057517,0.0032
event_gated_duj,20,0.3,0,0.0,144978,1997.3310120112728,0.0082
event_gated_duj,21,0.3,0,0.0,144655,1997.404744004598,0.0031
event_gated_duj,22,0.3,0,0.0,144361,1997.5452279904857,0.003
event_gated_duj,23,0.3,0,0.0,144538,1997.7787979878485,0.0026
event_gated_duj,24,0.3,0,0.0,145017,1998.4545439947397,0.0039
event_gated_duj,25,0.3,0,0.0,144567,1997.674673999427,0.0041
event_gated_duj,26,0.3,0,0.0,144974,1998.6038579954766,0.0039
event_gated_duj,27,0.3,0,0.0,144701,1997.1570759953465,0.0037
event_gated_duj,28,0.3,0,0.0,144881,1997.968754003523,0.0035
event_gated_duj,29,0.3,0,0.0,144791,1997.8022889990825,0.0065
event_gated_duj,30,0.3,0,0.0,144641,1997.4598559783772,0.0031
event_gated_duj,31,0.3,0,0.0,145113,1998.376460018335,0.0065
event_gated_duj,32,0.3,0,0.0,144733,2001.039429975208,0.0068
event_gated_duj,33,0.3,0,0.0,144152,2000.3022110031452,0.0035
event_gated_duj,34,0.3,0,0.0,145003,1998.7947199842893,0.004
event_gated_duj,35,0.3,0,0.0,144128,1997.4363149958663,0.0028
event_gated_duj,36,0.3,0,0.0,143884,1999.6599549776874,0.0022
event_gated_duj,37,0.3,0,0.0,145416,1999.6731959981844,0.0038
event_gated_duj,38,0.3,0,0.0,144542,1999.8800040048081,0.003
event_gated_duj,39,0.3,0,0.0,144206,1999.5543639815878,0.003
event_gated_duj,40,0.3,0,0.0,144466,1998.7630599935073,0.0038
event_gated_duj,41,0.3,0,0.0,144451,1999.345160991652,0.0029
event_gated_duj,42,0.3,0,0.0,144650,1999.0109750069678,0.0044
event_gated_duj,43,0.3,0,0.0,144644,1997.9685959988274,0.0028
event_gated_duj,44,0.3,0,0.0,144915,1997.0493510190863,0.0035
event_gated_duj,45,0.3,0,0.0,144522,1999.4108749961015,0.0027
event_gated_duj,46,0.3,0,0.0,144474,1998.0840770003852,0.0028
event_gated_duj,47,0.3,0,0.0,144881,1998.1993270048406,0.0054
event_gated_duj,48,0.3,0,0.0,144391,1998.070095985895,0.0077
event_gated_duj,49,0.3,0,0.0,144978,1996.9567359948996,0.0035
control,0,0.5,4201,0.4201,0,1305.579707986908,0.7566
control,1,0.5,4322,0.4322,0,1303.6970359971747,0.7684
control,2,0.5,4227,0.4227,0,1304.1053630004171,0.7552
control,3,0.5,4256,0.4256,0,1304.6506499813404,0.7565
control,4,0.5,4179,0.4179,0,1303.9760430110618,0.7629
control,5,0.5,4265,0.4265,0,1304.3677310051862,0.7631
control,6,0.5,4166,0.4166,0,1304.3117040069774,0.7591
control,7,0.5,4288,0.4288,0,1303.9335730136372,0.7542
control,8,0.5,4103,0.4103,0,1304.630256985547,0.7581
control,9,0.5,4260,0.426,0,1303.7066769902594,0.7592
control,10,0.5,4277,0.4277,0,1304.4704310013913,0.7618
control,11,0.5,4248,0.4248,0,1303.4861240012106,0.7603
control,12,0.5,4221,0.4221,0,1303.9459050050937,0.754
control,13,0.5,4258,0.4258,0,1304.4554780062754,0.7618
control,14,0.5,4218,0.4218,0,1304.4098950049374,0.7577
control,15,0.5,4171,0.4171,0,1305.1382840203587,0.7578
control,16,0.5,4215,0.4215,0,1303.9299979864154,0.7616
control,17,0.5,4274,0.4274,0,1305.2657569933217,0.7579
control,18,0.5,4210,0.421,0,1303.071105008712,0.759
control,19,0.5,4277,0.4277,0,1303.81658198894,0.7707
control,20,0.5,4312,0.4312,0,1304.4058709929232,0.7621
control,21,0.5,4255,0.4255,0,1306.188029004261,0.7594
control,22,0.5,4251,0.4251,0,1304.8431019997224,0.7677
control,23,0.5,4163,0.4163,0,1305.5123559897766,0.7586
control,24,0.5,4181,0.4181,0,1304.9744800082408,0.7617
control,25,0.5,4296,0.4296,0,1305.3165629971772,0.7638
control,26,0.5,4175,0.4175,0,1304.8475079995114,0.7556
control,27,0.5,4111,0.4111,0,1305.001569999149,0.7566
control,28,0.5,4199,0.4199,0,1304.3544680112973,0.7653
control,29,0.5,4246,0.4246,0,1305.2104710077401,0.7626
control,30,0.5,4246,0.4246,0,1304.7043999831658,0.7561
control,31,0.5,4184,0.4184,0,1304.2164370126557,0.7594
control,32,0.5,4314,0.4314,0,1303.3493960101623,0.7612
control,33,0.5,4258,0.4258,0,1305.2576939808205,0.7658
control,34,0.5,4165,0.4165,0,1306.1875929997768,0.76
control,35,0.5,4195,0.4195,0,1304.325445991708,0.7616
control,36,0.5,4183,0.4183,0,1304.418343002908,0.756
control,37,0.5,4221,0.4221,0,1305.1315410120878,0.7545
control,38,0.5,4156,0.4156,0,1305.7446939928923,0.7599
control,39,0.5,4270,0.427,0,1304.472532006912,0.7623
control,40,0.5,4186,0.4186,0,1304.3422689952422,0.7605
control,41,0.5,4191,0.4191,0,1304.6063680085354,0.7612
control,42,0.5,4250,0.425,0,1305.202368996106,0.7615
control,43,0.5,4274,0.4274,0,1304.1698920133058,0.7608
control,44,0.5,4248,0.4248,0,1304.4679770246148,0.7626
control,45,0.5,4273,0.4273,0,1304.0761029988062,0.7708
control,46,0.5,4156,0.4156,0,1305.174317007186,0.7586
control,47,0.5,4260,0.426,0,1304.502835002495,0.7632
control,48,0.5,4227,0.4227,0,1304.9617469951045,0.7586
control,49,0.5,4311,0.4311,0,1304.30305498885,0.7611
continuous_supervision,0,0.5,0,0.0,10097473,2505.5374079965986,0.0
continuous_supervision,1,0.5,0,0.0,10095874,2505.1091280183755,0.0
continuous_supervision,2,0.5,0,0.0,10094155,2505.7334440061823,0.0002
continuous_supervision,3,0.5,0,0.0,10091938,2505.6222819839604,0.0
continuous_supervision,4,0.5,0,0.0,10093747,2505.620257987175,0.0
continuous_supervision,5,0.5,0,0.0,10096571,2505.7360059872735,0.0
continuous_supervision,6,0.5,0,0.0,10095077,2506.180572992889,0.0
continuous_supervision,7,0.5,0,0.0,10096486,2506.097695993958,0.0
continuous_supervision,8,0.5,0,0.0,10096614,2507.511191011872,0.0
continuous_supervision,9,0.5,0,0.0,10098170,2507.1594470064156,0.0
continuous_supervision,10,0.5,0,0.0,10093272,2507.341095013544,0.0
continuous_supervision,11,0.5,0,0.0,10092135,2508.8004609860945,0.0
continuous_supervision,12,0.5,0,0.0,10095913,2505.42852198123,0.0001
continuous_supervision,13,0.5,0,0.0,10096759,2505.45872899238,0.0002
continuous_supervision,14,0.5,0,0.0,10093025,2504.4346360082272,0.0
continuous_supervision,15,0.5,0,0.0,10096938,2504.557770007523,0.0001
continuous_supervision,16,0.5,0,0.0,10097176,2504.3310539913364,0.0
continuous_supervision,17,0.5,0,0.0,10098608,2504.783594980836,0.0001
continuous_supervision,18,0.5,0,0.0,10092708,2504.4024770031683,0.0
continuous_supervision,19,0.5,0,0.0,10095832,2506.13262198749,0.0001
continuous_supervision,20,0.5,0,0.0,10094376,2503.994659986347,0.0002
continuous_supervision,21,0.5,0,0.0,10095740,2505.6040349882096,0.0002
continuous_supervision,22,0.5,0,0.0,10093451,2505.243584018899,0.0002
continuous_supervision,23,0.5,0,0.0,10095781,2505.5594469886273,0.0
continuous_supervision,24,0.5,0,0.0,10089604,2505.387217999669,0.0
continuous_supervision,25,0.5,0,0.0,10091434,2504.4586560106836,0.0
continuous_supervision,26,0.5,0,0.0,10098026,2505.55395099218,0.0
continuous_supervision,27,0.5,0,0.0,10094043,2507.4823960021604,0.0
continuous_supervision,28,0.5,0,0.0,10092104,2505.5415449896827,0.0
continuous_supervision,29,0.5,0,0.0,10093716,2506.2676449888386,0.0
continuous_supervision,30,0.5,0,0.0,10097074,2504.171173000941,0.0
continuous_supervision,31,0.5,0,0.0,10091598,2505.6916129833553,0.0
continuous_supervision,32,0.5,0,0.0,10097330,2504.960938007571,0.0
continuous_supervision,33,0.5,0,0.0,10096408,2504.1074409964494,0.0001
continuous_supervision,34,0.5,0,0.0,10100832,2504.565859999275,0.0
continuous_supervision,35,0.5,0,0.0,10093338,2504.497614019783,0.0002
continuous_supervision,36,0.5,0,0.0,10094592,2503.52622900391,0.0001
continuous_supervision,37,0.5,0,0.0,10091901,2502.597271988634,0.0001
continuous_supervision,38,0.5,0,0.0,10095862,2504.540815978544,0.0002
continuous_supervision,39,0.5,0,0.0,10094267,2505.4778539924882,0.0
continuous_supervision,40,0.5,0,0.0,10093087,2505.4327419784386,0.0001
continuous_supervision,41,0.5,0,0.0,10089307,2504.307941009756,0.0001
continuous_supervision,42,0.5,0,0.0,10096325,2505.2735849749297,0.0
continuous_supervision,43,0.5,0,0.0,10094046,2506.0595470131375,0.0001
continuous_supervision,44,0.5,0,0.0,10095001,2504.912695992971,0.0003
continuous_supervision,45,0.5,0,0.0,10097144,2504.6078329905868,0.0001
continuous_supervision,46,0.5,0,0.0,10094124,2504.16178299929,0.0
continuous_supervision,47,0.5,0,0.0,10093443,2508.716568991076,0.0
continuous_supervision,48,0.5,0,0.0,10095461,2506.8989249994047,0.0002
continuous_supervision,49,0.5,0,0.0,10095987,2505.673506995663,0.0001
event_gated_no_cooccurrence,0,0.5,0,0.0,10000522,2467.337887996109,0.0002
event_gated_no_cooccurrence,1,0.5,0,0.0,10004570,2467.1083420107607,0.0
event_gated_no_cooccurrence,2,0.5,0,0.0,9998012,2467.8268679999746,0.0005
event_gated_no_cooccurrence,3,0.5,0,0.0,10001817,2467.2839709965046,0.0004
event_gated_no_cooccurrence,4,0.5,0,0.0,10002837,2467.4913240014575,0.0001
event_gated_no_cooccurrence,5,0.5,0,0.0,10002069,2464.84261599835,0.0001
event_gated_no_cooccurrence,6,0.5,0,0.0,10002511,2465.6256860180292,0.0002
event_gated_no_cooccurrence,7,0.5,0,0.0,9999174,2465.7353310030885,0.0004
event_gated_no_cooccurrence,8,0.5,0,0.0,10004407,2467.455464997329,0.0001
event_gated_no_cooccurrence,9,0.5,0,0.0,10003073,2466.499500005739,0.0005
event_gated_no_cooccurrence,10,0.5,0,0.0,10006881,2467.6918830082286,0.0003
event_gated_no_cooccurrence,11,0.5,0,0.0,10003212,2466.5730679989792,0.0002
event_gated_no_cooccurrence,12,0.5,0,0.0,10001910,2466.9093130214605,0.0002
event_gated_no_cooccurrence,13,0.5,0,0.0,10001355,2467.6983540121,0.0001
event_gated_no_cooccurrence,14,0.5,0,0.0,10007505,2468.4765189886093,0.0005
event_gated_no_cooccurrence,15,0.5,0,0.0,10003720,2466.750563005917,0.0002
event_gated_no_cooccurrence,16,0.5,0,0.0,10002063,2466.7897739855107,0.0001
event_gated_no_cooccurrence,17,0.5,0,0.0,10005378,2466.9316740182694,0.0003
event_gated_no_cooccurrence,18,0.5,0,0.0,10001216,2466.022298001917,0.0002
event_gated_no_cooccurrence,19,0.5,0,0.0,10006353,2466.6372259962372,0.0003
event_gated_no_cooccurrence,20,0.5,0,0.0,10006598,2469.8882040102035,0.0001
event_gated_no_cooccurrence,21,0.5,0,0.0,10001515,2470.6160929927137,0.0
event_gated_no_cooccurrence,22,0.5,0,0.0,10003197,2469.5220369903836,0.0001
event_gated_no_cooccurrence,23,0.5,0,0.0,10003812,2468.568406999111,0.0002
event_gated_no_cooccurrence,24,0.5,0,0.0,10001320,2467.036135989474,0.0003
event_gated_no_cooccurrence,25,0.5,0,0.0,9998699,2467.0964010001626,0.0002
event_gated_no_cooccurrence,26,0.5,0,0.0,10005036,2466.822892019991,0.0002
event_gated_no_cooccurrence,27,0.5,0,0.0,10002600,2466.407021973282,0.0002
event_gated_no_cooccurrence,28,0.5,0,0.0,10002210,2467.226931999903,0.0
event_gated_no_cooccurrence,29,0.5,0,0.0,10002028,2467.57813799195,0.0
event_gated_no_cooccurrence,30,0.5,0,0.0,9999337,2466.904753993731,0.0003
event_gated_no_cooccurrence,31,0.5,0,0.0,10000743,2467.6000559993554,0.0
event_gated_no_cooccurrence,32,0.5,0,0.0,10002292,2466.896527999779,0.0003
event_gated_no_cooccurrence,33,0.5,0,0.0,10002538,2466.842188005103,0.0002
event_gated_no_cooccurrence,34,0.5,0,0.0,10000623,2470.452812995063,0.0002
event_gated_no_cooccurrence,35,0.5,0,0.0,10001887,2468.6219090071972,0.0005
event_gated_no_cooccurrence,36,0.5,0,0.0,10004454,2468.4607859817334,0.0005
event_gated_no_cooccurrence,37,0.5,0,0.0,10004109,2468.219622009201,0.0002
event_gated_no_cooccurrence,38,0.5,0,0.0,10002325,2467.933954001637,0.0003
event_gated_no_cooccurrence,39,0.5,0,0.0,10008709,2467.2085260099266,0.0001
event_gated_no_cooccurrence,40,0.5,0,0.0,10001013,2467.151370976353,0.0001
event_gated_no_cooccurrence,41,0.5,0,0.0,10000923,2467.914117005421,0.0001
event_gated_no_cooccurrence,42,0.5,0,0.0,10001894,2467.06984800403,0.0
event_gated_no_cooccurrence,43,0.5,0,0.0,10001723,2467.675216990756,0.0001
event_gated_no_cooccurrence,44,0.5,0,0.0,9999721,2467.523686995264,0.0003
event_gated_no_cooccurrence,45,0.5,0,0.0,10003302,2466.9561800255906,0.0
event_gated_no_cooccurrence,46,0.5,0,0.0,10004009,2466.783526004292,0.0005
event_gated_no_cooccurrence,47,0.5,0,0.0,10002657,2466.756665002322,0.0001
event_gated_no_cooccurrence,48,0.5,0,0.0,10003684,2466.999725002097,0.0001
event_gated_no_cooccurrence,49,0.5,0,0.0,10002882,2466.5241869806778,0.0001
event_gated_duj,0,0.5,0,0.0,145666,2033.1637309864163,0.005
event_gated_duj,1,0.5,0,0.0,145948,2032.8542899806052,0.0017
event_gated_duj,2,0.5,0,0.0,145805,2035.5917940032668,0.0018
event_gated_duj,3,0.5,0,0.0,145868,2033.1454319821205,0.0017
event_gated_duj,4,0.5,0,0.0,146057,2032.8108060057275,0.0012
event_gated_duj,5,0.5,0,0.0,147077,2033.353659993736,0.0013
event_gated_duj,6,0.5,0,0.0,145964,2033.420797000872,0.0017
event_gated_duj,7,0.5,0,0.0,145604,2032.5973629951477,0.0015
event_gated_duj,8,0.5,0,0.0,146277,2031.4193019876257,0.0014
event_gated_duj,9,0.5,0,0.0,146491,2031.7850970022846,0.0019
event_gated_duj,10,0.5,0,0.0,145821,2031.8133200053126,0.0022
event_gated_duj,11,0.5,0,0.0,146816,2032.6579360116739,0.0012
event_gated_duj,12,0.5,0,0.0,146316,2032.2097049793229,0.0024
event_gated_duj,13,0.5,0,0.0,144902,2032.118596980581,0.0026
event_gated_duj,14,0.5,0,0.0,146646,2031.9908800011035,0.0019
event_gated_duj,15,0.5,0,0.0,146599,2033.4940300090238,0.0013
event_gated_duj,16,0.5,0,0.0,146812,2031.4575869997498,0.0016
event_gated_duj,17,0.5,0,0.0,145329,2031.4811040007044,0.0016
event_gated_duj,18,0.5,0,0.0,146470,2031.8507030024193,0.002
event_gated_duj,19,0.5,0,0.0,145941,2032.1576459973585,0.0017
event_gated_duj,20,0.5,0,0.0,146097,2033.3572710223962,0.0048
event_gated_duj,21,0.5,0,0.0,145839,2032.4274949962273,0.0015
event_gated_duj,22,0.5,0,0.0,146001,2032.3061429953668,0.002
event_gated_duj,23,0.5,0,0.0,145790,2030.955048976466,0.002
event_gated_duj,24,0.5,0,0.0,146334,2031.1237800051458,0.0015
event_gated_duj,25,0.5,0,0.0,145917,2032.1678180189338,0.0029
event_gated_duj,26,0.5,0,0.0,146232,2032.4838139931671,0.0017
event_gated_duj,27,0.5,0,0.0,145960,2034.882331994595,0.0023
event_gated_duj,28,0.5,0,0.0,146223,2032.167475001188,0.0017
event_gated_duj,29,0.5,0,0.0,146046,2032.3686850024387,0.0036
event_gated_duj,30,0.5,0,0.0,145965,2033.4438899881206,0.0017
event_gated_duj,31,0.5,0,0.0,146305,2032.6410869893152,0.0042
event_gated_duj,32,0.5,0,0.0,145841,2032.3800499900244,0.004
event_gated_duj,33,0.5,0,0.0,145603,2031.0799609869719,0.0026
event_gated_duj,34,0.5,0,0.0,146318,2031.7833190201782,0.0023
event_gated_duj,35,0.5,0,0.0,145482,2031.6566829860676,0.0014
event_gated_duj,36,0.5,0,0.0,145093,2032.5928110105451,0.001
event_gated_duj,37,0.5,0,0.0,146768,2031.689813011326,0.0023
event_gated_duj,38,0.5,0,0.0,145970,2031.844907993218,0.0019
event_gated_duj,39,0.5,0,0.0,145184,2033.3609470108058,0.0019
event_gated_duj,40,0.5,0,0.0,145855,2035.7088370074052,0.0012
event_gated_duj,41,0.5,0,0.0,145813,2031.7226620099973,0.0015
event_gated_duj,42,0.5,0,0.0,145844,2032.9107290017419,0.0022
event_gated_duj,43,0.5,0,0.0,145637,2032.8764760051854,0.0019
event_gated_duj,44,0.5,0,0.0,146298,2032.8633100143634,0.0014
event_gated_duj,45,0.5,0,0.0,145856,2031.9157010235358,0.0014
event_gated_duj,46,0.5,0,0.0,145943,2032.3201389983296,0.0023
event_gated_duj,47,0.5,0,0.0,146277,2032.4102700105868,0.0029
event_gated_duj,48,0.5,0,0.0,145471,2032.6265780022368,0.0045
event_gated_duj,49,0.5,0,0.0,146221,2033.4772620117292,0.0023
control,0,0.7,4201,0.4201,0,1327.718560991343,0.7566
control,1,0.7,4322,0.4322,0,1325.0700139906257,0.7684
control,2,0.7,4227,0.4227,0,1326.3080199831165,0.7552
control,3,0.7,4256,0.4256,0,1325.7882060133852,0.7565
control,4,0.7,4179,0.4179,0,1327.8044240141753,0.7629
control,5,0.7,4265,0.4265,0,1328.1756340002175,0.7631
control,6,0.7,4166,0.4166,0,1327.1361969818827,0.7591
control,7,0.7,4288,0.4288,0,1326.2699139886536,0.7542
control,8,0.7,4103,0.4103,0,1326.755973015679,0.7581
control,9,0.7,4260,0.426,0,1326.0456920252182,0.7592
control,10,0.7,4277,0.4277,0,1326.3499840104487,0.7618
control,11,0.7,4248,0.4248,0,1325.391735008452,0.7603
control,12,0.7,4221,0.4221,0,1325.736124010291,0.754
control,13,0.7,4258,0.4258,0,1326.123615988763,0.7618
control,14,0.7,4218,0.4218,0,1325.9010570182,0.7577
control,15,0.7,4171,0.4171,0,1326.2640699977055,0.7578
control,16,0.7,4215,0.4215,0,1325.3902980068233,0.7616
control,17,0.7,4274,0.4274,0,1326.1519109946676,0.7579
control,18,0.7,4210,0.421,0,1325.2839319757186,0.759
control,19,0.7,4277,0.4277,0,1325.6092789815739,0.7707
control,20,0.7,4312,0.4312,0,1325.744868023321,0.7621
control,21,0.7,4255,0.4255,0,1325.8207100152504,0.7594
control,22,0.7,4251,0.4251,0,1325.6217289890628,0.7677
control,23,0.7,4163,0.4163,0,1326.7309619986918,0.7586
control,24,0.7,4181,0.4181,0,1326.3742539857049,0.7617
control,25,0.7,4296,0.4296,0,1326.0203590034507,0.7638
control,26,0.7,4175,0.4175,0,1326.235179003561,0.7556
control,27,0.7,4111,0.4111,0,1327.1990979847033,0.7566
control,28,0.7,4199,0.4199,0,1326.1461849906482,0.7653
control,29,0.7,4246,0.4246,0,1326.3020919985138,0.7626
control,30,0.7,4246,0.4246,0,1325.5740840104409,0.7561
control,31,0.7,4184,0.4184,0,1327.0674450031947,0.7594
control,32,0.7,4314,0.4314,0,1325.2013070159592,0.7612
control,33,0.7,4258,0.4258,0,1325.8851259888615,0.7658
control,34,0.7,4165,0.4165,0,1326.3387939950917,0.76
control,35,0.7,4195,0.4195,0,1326.8539040000178,0.7616
control,36,0.7,4183,0.4183,0,1325.100953981746,0.756
control,37,0.7,4221,0.4221,0,1325.8059840009082,0.7545
control,38,0.7,4156,0.4156,0,1327.1613300021272,0.7599
control,39,0.7,4270,0.427,0,1327.5962820043787,0.7623
control,40,0.7,4186,0.4186,0,1327.3997320211492,0.7605
control,41,0.7,4191,0.4191,0,1327.9229699983262,0.7612
control,42,0.7,4250,0.425,0,1326.9606219837442,0.7615
control,43,0.7,4274,0.4274,0,1326.1206070019398,0.7608
control,44,0.7,4248,0.4248,0,1326.8573500099592,0.7626
control,45,0.7,4273,0.4273,0,1325.60821500374,0.7708
control,46,0.7,4156,0.4156,0,1326.3037420110777,0.7586
control,47,0.7,4260,0.426,0,1325.869235995924,0.7632
control,48,0.7,4227,0.4227,0,1326.7172499909066,0.7586
control,49,0.7,4311,0.4311,0,1326.2295599852223,0.7611
continuous_supervision,0,0.7,0,0.0,14047085,2348.0699779756833,0.0001
continuous_supervision,1,0.7,0,0.0,14046914,2348.2763190113474,0.0
continuous_supervision,2,0.7,0,0.0,14049325,2349.0595579787623,0.0002
continuous_supervision,3,0.7,0,0.0,14045722,2347.338921012124,0.0
continuous_supervision,4,0.7,0,0.0,14049483,2347.6890700112563,0.0
continuous_supervision,5,0.7,0,0.0,14049274,2346.91599800135,0.0
continuous_supervision,6,0.7,0,0.0,14049035,2346.371696999995,0.0
continuous_supervision,7,0.7,0,0.0,14047828,2346.4928489993326,0.0
continuous_supervision,8,0.7,0,0.0,14048507,2346.4920420083217,0.0
continuous_supervision,9,0.7,0,0.0,14053578,2347.1045889891684,0.0
continuous_supervision,10,0.7,0,0.0,14048186,2348.8917799841147,0.0
continuous_supervision,11,0.7,0,0.0,14047467,2350.3444969828706,0.0
continuous_supervision,12,0.7,0,0.0,14047000,2348.544625012437,0.0001
continuous_supervision,13,0.7,0,0.0,14049168,2348.0548829829786,0.0002
continuous_supervision,14,0.7,0,0.0,14045651,2348.107514990261,0.0
continuous_supervision,15,0.7,0,0.0,14050733,2347.4965560017154,0.0001
continuous_supervision,16,0.7,0,0.0,14051383,2347.271295991959,0.0
continuous_supervision,17,0.7,0,0.0,14051934,2346.9253919902258,0.0001
continuous_supervision,18,0.7,0,0.0,14046498,2346.918121998897,0.0
continuous_supervision,19,0.7,0,0.0,14050188,2348.1655229988974,0.0001
continuous_supervision,20,0.7,0,0.0,14047410,2347.5859819736797,0.0002
continuous_supervision,21,0.7,0,0.0,14048218,2348.092895001173,0.0001
continuous_supervision,22,0.7,0,0.0,14050095,2345.3734499926213,0.0002
continuous_supervision,23,0.7,0,0.0,14049726,2346.358891983982,0.0
continuous_supervision,24,0.7,0,0.0,14046072,2346.596966992365,0.0
continuous_supervision,25,0.7,0,0.0,14045674,2347.968205984216,0.0
continuous_supervision,26,0.7,0,0.0,14052496,2345.341144973645,0.0
continuous_supervision,27,0.7,0,0.0,14049425,2346.2915499985684,0.0
continuous_supervision,28,0.7,0,0.0,14047001,2346.3213600043673,0.0
continuous_supervision,29,0.7,0,0.0,14046604,2346.0662059951574,0.0
continuous_supervision,30,0.7,0,0.0,14048552,2345.9816169925034,0.0
continuous_supervision,31,0.7,0,0.0,14046755,2346.789228991838,0.0001
continuous_supervision,32,0.7,0,0.0,14051868,2345.4220579878893,0.0
continuous_supervision,33,0.7,0,0.0,14053218,2345.064438995905,0.0001
continuous_supervision,34,0.7,0,0.0,14051106,2345.1945669949055,0.0
continuous_supervision,35,0.7,0,0.0,14048493,2344.6507370099425,0.0001
continuous_supervision,36,0.7,0,0.0,14047571,2346.0689519997686,0.0001
continuous_supervision,37,0.7,0,0.0,14047762,2349.395064986311,0.0001
continuous_supervision,38,0.7,0,0.0,14049700,2348.6138219886925,0.0001
continuous_supervision,39,0.7,0,0.0,14049019,2348.5192749940325,0.0
continuous_supervision,40,0.7,0,0.0,14047324,2347.3531259805895,0.0001
continuous_supervision,41,0.7,0,0.0,14045142,2347.1009460045025,0.0001
continuous_supervision,42,0.7,0,0.0,14044231,2346.110927988775,0.0
continuous_supervision,43,0.7,0,0.0,14047093,2346.5992679994088,0.0001
continuous_supervision,44,0.7,0,0.0,14048385,2347.011929989094,0.0002
continuous_supervision,45,0.7,0,0.0,14048228,2346.9564850092866,0.0001
continuous_supervision,46,0.7,0,0.0,14046714,2347.2139399964362,0.0001
continuous_supervision,47,0.7,0,0.0,14048484,2346.5143280045595,0.0
continuous_supervision,48,0.7,0,0.0,14047682,2346.2917750002816,0.0001
continuous_supervision,49,0.7,0,0.0,14048821,2346.5945729985833,0.0001
event_gated_no_cooccurrence,0,0.7,0,0.0,13996783,2313.8355030096136,0.0002
event_gated_no_cooccurrence,1,0.7,0,0.0,13995544,2312.5778260000516,0.0
event_gated_no_cooccurrence,2,0.7,0,0.0,13994347,2312.924430007115,0.0002
event_gated_no_cooccurrence,3,0.7,0,0.0,13993224,2312.4625450000167,0.0002
event_gated_no_cooccurrence,4,0.7,0,0.0,13996355,2311.5021839912515,0.0
event_gated_no_cooccurrence,5,0.7,0,0.0,13996418,2311.775537993526,0.0001
event_gated_no_cooccurrence,6,0.7,0,0.0,13996001,2312.1993620006833,0.0002
event_gated_no_cooccurrence,7,0.7,0,0.0,13994000,2313.92342899926,0.0002
event_gated_no_cooccurrence,8,0.7,0,0.0,13996135,2312.6662610156927,0.0001
event_gated_no_cooccurrence,9,0.7,0,0.0,13997047,2311.83550300193,0.0003
event_gated_no_cooccurrence,10,0.7,0,0.0,13995693,2312.445053976262,0.0003
event_gated_no_cooccurrence,11,0.7,0,0.0,13997825,2312.63882300118,0.0001
event_gated_no_cooccurrence,12,0.7,0,0.0,13994887,2312.2001650044695,0.0002
event_gated_no_cooccurrence,13,0.7,0,0.0,13995937,2312.8393489751033,0.0001
event_gated_no_cooccurrence,14,0.7,0,0.0,13997542,2312.937562004663,0.0004
event_gated_no_cooccurrence,15,0.7,0,0.0,13998327,2313.394436991075,0.0001
event_gated_no_cooccurrence,16,0.7,0,0.0,13995069,2313.015939987963,0.0002
event_gated_no_cooccurrence,17,0.7,0,0.0,13998425,2308.227575995261,0.0001
event_gated_no_cooccurrence,18,0.7,0,0.0,13993563,2307.8682119958103,0.0001
event_gated_no_cooccurrence,19,0.7,0,0.0,13999349,2306.498593010474,0.0001
event_gated_no_cooccurrence,20,0.7,0,0.0,14000787,2306.459490006091,0.0001
event_gated_no_cooccurrence,21,0.7,0,0.0,13996753,2306.9616759894416,0.0001
event_gated_no_cooccurrence,22,0.7,0,0.0,13994355,2307.30398898595,0.0001
event_gated_no_cooccurrence,23,0.7,0,0.0,13996085,2308.0939229985233,0.0002
event_gated_no_cooccurrence,24,0.7,0,0.0,13995544,2307.4514800100587,0.0004
event_gated_no_cooccurrence,25,0.7,0,0.0,13995455,2306.8524309783243,0.0002
event_gated_no_cooccurrence,26,0.7,0,0.0,13996591,2306.094628002029,0.0001
event_gated_no_cooccurrence,27,0.7,0,0.0,13995440,2307.8170889930334,0.0001
event_gated_no_cooccurrence,28,0.7,0,0.0,13996242,2306.3281979993917,0.0
event_gated_no_cooccurrence,29,0.7,0,0.0,13997452,2307.1602470008656,0.0
event_gated_no_cooccurrence,30,0.7,0,0.0,13995082,2307.695486000739,0.0004
event_gated_no_cooccurrence,31,0.7,0,0.0,13994769,2308.1504350120667,0.0
event_gated_no_cooccurrence,32,0.7,0,0.0,13996245,2308.7273420242127,0.0001
event_gated_no_cooccurrence,33,0.7,0,0.0,13997317,2307.5217510049697,0.0002
event_gated_no_cooccurrence,34,0.7,0,0.0,13994138,2307.3860659787897,0.0001
event_gated_no_cooccurrence,35,0.7,0,0.0,13999425,2307.931994990213,0.0005
event_gated_no_cooccurrence,36,0.7,0,0.0,13996830,2307.0366170140915,0.0003
event_gated_no_cooccurrence,37,0.7,0,0.0,13996877,2308.089815021958,0.0002
event_gated_no_cooccurrence,38,0.7,0,0.0,13999844,2308.206326997606,0.0003
event_gated_no_cooccurrence,39,0.7,0,0.0,13999081,2307.4635610100813,0.0
event_gated_no_cooccurrence,40,0.7,0,0.0,13995534,2308.138960012002,0.0
event_gated_no_cooccurrence,41,0.7,0,0.0,13993910,2308.109259000048,0.0
event_gated_no_cooccurrence,42,0.7,0,0.0,13997911,2307.0591900032014,0.0
event_gated_no_cooccurrence,43,0.7,0,0.0,13995734,2307.2083400038537,0.0001
event_gated_no_cooccurrence,44,0.7,0,0.0,13994279,2307.7326320053544,0.0003
event_gated_no_cooccurrence,45,0.7,0,0.0,13998722,2306.844740989618,0.0
event_gated_no_cooccurrence,46,0.7,0,0.0,14000037,2306.9381450186484,0.0005
event_gated_no_cooccurrence,47,0.7,0,0.0,13998920,2307.048349000979,0.0001
event_gated_no_cooccurrence,48,0.7,0,0.0,13994309,2306.8267409980763,0.0001
event_gated_no_cooccurrence,49,0.7,0,0.0,13994458,2307.311031006975,0.0001
event_gated_duj,0,0.7,0,0.0,146372,1993.583093979396,0.0027
event_gated_duj,1,0.7,0,0.0,146421,1992.9185819928534,0.0011
event_gated_duj,2,0.7,0,0.0,146292,1992.308533983305,0.0011
event_gated_duj,3,0.7,0,0.0,146334,1992.0873570081312,0.0009
event_gated_duj,4,0.7,0,0.0,146640,1994.583188003162,0.0009
event_gated_duj,5,0.7,0,0.0,147528,1995.5075009784196,0.0013
event_gated_duj,6,0.7,0,0.0,146507,1995.8042209909763,0.0012
event_gated_duj,7,0.7,0,0.0,146080,1994.5444649783894,0.0013
event_gated_duj,8,0.7,0,0.0,146852,1994.80755199329,0.0009
event_gated_duj,9,0.7,0,0.0,147085,1995.3504509758204,0.0015
event_gated_duj,10,0.7,0,0.0,146256,1994.1164549964014,0.0014
event_gated_duj,11,0.7,0,0.0,147525,1993.7781229964457,0.0006
event_gated_duj,12,0.7,0,0.0,146891,1994.4294720189646,0.0017
event_gated_duj,13,0.7,0,0.0,145568,1994.4735129829496,0.002
event_gated_duj,14,0.7,0,0.0,147156,1994.4476659875363,0.0016
event_gated_duj,15,0.7,0,0.0,147226,1993.0266579904128,0.0008
event_gated_duj,16,0.7,0,0.0,147307,1993.3072789863218,0.0012
event_gated_duj,17,0.7,0,0.0,145826,1992.9701299988665,0.0014
event_gated_duj,18,0.7,0,0.0,146913,1994.809019000968,0.0018
event_gated_duj,19,0.7,0,0.0,146347,1994.94586099172,0.0016
event_gated_duj,20,0.7,0,0.0,146584,1993.4806279779878,0.0034
event_gated_duj,21,0.7,0,0.0,146324,1994.7683380160015,0.0008
event_gated_duj,22,0.7,0,0.0,146401,1994.526644994039,0.0013
event_gated_duj,23,0.7,0,0.0,146352,1993.6829890066292,0.0015
event_gated_duj,24,0.7,0,0.0,146698,1992.98839198309,0.0012
event_gated_duj,25,0.7,0,0.0,146405,1993.08728199685,0.002
event_gated_duj,26,0.7,0,0.0,146695,1992.515246005496,0.0013
event_gated_duj,27,0.7,0,0.0,146439,1992.3166260123253,0.0017
event_gated_duj,28,0.7,0,0.0,146502,1991.8608480074909,0.0011
event_gated_duj,29,0.7,0,0.0,146450,1991.7995099967811,0.0028
event_gated_duj,30,0.7,0,0.0,146391,1992.746125004487,0.0019
event_gated_duj,31,0.7,0,0.0,146878,1994.1214520076755,0.0018
event_gated_duj,32,0.7,0,0.0,146708,1992.911293025827,0.003
event_gated_duj,33,0.7,0,0.0,146192,1992.3610810074024,0.0018
event_gated_duj,34,0.7,0,0.0,146853,1992.3483180173207,0.0018
event_gated_duj,35,0.7,0,0.0,145842,1992.9325270059053,0.0012
event_gated_duj,36,0.7,0,0.0,145558,1992.402795003727,0.0008
event_gated_duj,37,0.7,0,0.0,147223,1992.8623599989805,0.0012
event_gated_duj,38,0.7,0,0.0,146460,1993.0738899856806,0.001
event_gated_duj,39,0.7,0,0.0,145817,1992.4487950047478,0.0018
event_gated_duj,40,0.7,0,0.0,146408,1992.7006450016052,0.0014
event_gated_duj,41,0.7,0,0.0,146193,1993.2328189897817,0.0014
event_gated_duj,42,0.7,0,0.0,146378,1993.1429660064168,0.0019
event_gated_duj,43,0.7,0,0.0,146142,1993.476704985369,0.0012
event_gated_duj,44,0.7,0,0.0,146763,1993.3208659931552,0.001
event_gated_duj,45,0.7,0,0.0,146152,1993.418185011251,0.0009
event_gated_duj,46,0.7,0,0.0,146489,1992.4776590196416,0.0013
event_gated_duj,47,0.7,0,0.0,146770,1992.537727986928,0.0019
event_gated_duj,48,0.7,0,0.0,145934,1994.3614460062236,0.0023
event_gated_duj,49,0.7,0,0.0,146688,1993.0339690181427,0.0016
control,0,0.85,4201,0.4201,0,1332.1306120196823,0.7566
control,1,0.85,4322,0.4322,0,1331.2931079999544,0.7684
control,2,0.85,4227,0.4227,0,1331.7790850123856,0.7552
control,3,0.85,4256,0.4256,0,1331.8575670127757,0.7565
control,4,0.85,4179,0.4179,0,1332.1046579803806,0.7629
control,5,0.85,4265,0.4265,0,1331.111856008647,0.7631
control,6,0.85,4166,0.4166,0,1330.2123030007351,0.7591
control,7,0.85,4288,0.4288,0,1330.8610660023987,0.7542
control,8,0.85,4103,0.4103,0,1332.2611400217284,0.7581
control,9,0.85,4260,0.426,0,1330.585477000568,0.7592
control,10,0.85,4277,0.4277,0,1330.8305510145146,0.7618
control,11,0.85,4248,0.4248,0,1330.470465007238,0.7603
control,12,0.85,4221,0.4221,0,1331.350336986361,0.754
control,13,0.85,4258,0.4258,0,1330.7095719792414,0.7618
control,14,0.85,4218,0.4218,0,1331.1750680149999,0.7577
control,15,0.85,4171,0.4171,0,1331.0860579949804,0.7578
control,16,0.85,4215,0.4215,0,1330.0831740198191,0.7616
control,17,0.85,4274,0.4274,0,1331.0177670209669,0.7579
control,18,0.85,4210,0.421,0,1330.0416040001437,0.759
control,19,0.85,4277,0.4277,0,1330.8119690045714,0.7707
control,20,0.85,4312,0.4312,0,1330.7307990035042,0.7621
control,21,0.85,4255,0.4255,0,1330.8860489923973,0.7594
control,22,0.85,4251,0.4251,0,1330.98913700087,0.7677
control,23,0.85,4163,0.4163,0,1329.550406022463,0.7586
control,24,0.85,4181,0.4181,0,1329.6560230082832,0.7617
control,25,0.85,4296,0.4296,0,1328.8652060145978,0.7638
control,26,0.85,4175,0.4175,0,1328.6400650104042,0.7556
control,27,0.85,4111,0.4111,0,1330.191916989861,0.7566
control,28,0.85,4199,0.4199,0,1328.4350019821431,0.7653
control,29,0.85,4246,0.4246,0,1328.453449998051,0.7626
control,30,0.85,4246,0.4246,0,1327.843180974014,0.7561
control,31,0.85,4184,0.4184,0,1329.7157739871182,0.7594
control,32,0.85,4314,0.4314,0,1327.001785975881,0.7612
control,33,0.85,4258,0.4258,0,1328.083262022119,0.7658
control,34,0.85,4165,0.4165,0,1328.1791489862371,0.76
control,35,0.85,4195,0.4195,0,1328.5354580148123,0.7616
control,36,0.85,4183,0.4183,0,1327.4892769986764,0.756
control,37,0.85,4221,0.4221,0,1328.2335289986804,0.7545
control,38,0.85,4156,0.4156,0,1328.1369649921544,0.7599
control,39,0.85,4270,0.427,0,1328.380922001088,0.7623
control,40,0.85,4186,0.4186,0,1328.037696017418,0.7605
control,41,0.85,4191,0.4191,0,1328.3540999982506,0.7612
control,42,0.85,4250,0.425,0,1328.5745029861573,0.7615
control,43,0.85,4274,0.4274,0,1327.7026279829443,0.7608
control,44,0.85,4248,0.4248,0,1327.2952109982725,0.7626
control,45,0.85,4273,0.4273,0,1326.6121089982335,0.7708
control,46,0.85,4156,0.4156,0,1327.8159530018456,0.7586
control,47,0.85,4260,0.426,0,1327.476951002609,0.7632
control,48,0.85,4227,0.4227,0,1327.4773510056548,0.7586
control,49,0.85,4311,0.4311,0,1326.6173480078578,0.7611
continuous_supervision,0,0.85,0,0.0,17018119,2091.987166990293,0.0001
continuous_supervision,1,0.85,0,0.0,17018530,2090.9476930100936,0.0
continuous_supervision,2,0.85,0,0.0,17018216,2088.966954004718,0.0002
continuous_supervision,3,0.85,0,0.0,17018076,2089.648217021022,0.0
continuous_supervision,4,0.85,0,0.0,17019143,2090.050369995879,0.0
continuous_supervision,5,0.85,0,0.0,17019656,2089.4261689973064,0.0
continuous_supervision,6,0.85,0,0.0,17019633,2088.5780900134705,0.0001
continuous_supervision,7,0.85,0,0.0,17018547,2088.625771983061,0.0
continuous_supervision,8,0.85,0,0.0,17019290,2088.435496989405,0.0
continuous_supervision,9,0.85,0,0.0,17021460,2087.138609000249,0.0
continuous_supervision,10,0.85,0,0.0,17017170,2088.3143130049575,0.0
continuous_supervision,11,0.85,0,0.0,17017195,2087.827872019261,0.0
continuous_supervision,12,0.85,0,0.0,17016342,2088.4811650030315,0.0
continuous_supervision,13,0.85,0,0.0,17019408,2088.625072996365,0.0001
continuous_supervision,14,0.85,0,0.0,17018986,2088.3813239925075,0.0
continuous_supervision,15,0.85,0,0.0,17017827,2087.7636810182594,0.0001
continuous_supervision,16,0.85,0,0.0,17021009,2087.2500390105415,0.0
continuous_supervision,17,0.85,0,0.0,17019451,2087.4250189808663,0.0001
continuous_supervision,18,0.85,0,0.0,17017521,2086.1124799994286,0.0
continuous_supervision,19,0.85,0,0.0,17019388,2087.1679249976296,0.0001
continuous_supervision,20,0.85,0,0.0,17018798,2087.2452379844617,0.0002
continuous_supervision,21,0.85,0,0.0,17018150,2087.724830984371,0.0001
continuous_supervision,22,0.85,0,0.0,17018025,2087.5516750093084,0.0002
continuous_supervision,23,0.85,0,0.0,17016700,2088.3173210022505,0.0
continuous_supervision,24,0.85,0,0.0,17017124,2087.974272988504,0.0
continuous_supervision,25,0.85,0,0.0,17015694,2088.643116003368,0.0001
continuous_supervision,26,0.85,0,0.0,17022304,2087.4496850010473,0.0
continuous_supervision,27,0.85,0,0.0,17016484,2088.1450249871705,0.0
continuous_supervision,28,0.85,0,0.0,17019184,2086.8834950088058,0.0
continuous_supervision,29,0.85,0,0.0,17015548,2087.1800430177245,0.0
continuous_supervision,30,0.85,0,0.0,17016760,2087.6742909895256,0.0
continuous_supervision,31,0.85,0,0.0,17019080,2086.9031379988883,0.0
continuous_supervision,32,0.85,0,0.0,17018252,2087.6428299816325,0.0
continuous_supervision,33,0.85,0,0.0,17020372,2087.2532530047465,0.0001
continuous_supervision,34,0.85,0,0.0,17019044,2086.2679519923404,0.0
continuous_supervision,35,0.85,0,0.0,17017285,2087.533829995664,0.0001
continuous_supervision,36,0.85,0,0.0,17017505,2086.361739988206,0.0001
continuous_supervision,37,0.85,0,0.0,17018335,2086.8706119945273,0.0001
continuous_supervision,38,0.85,0,0.0,17017539,2085.9831999987364,0.0002
continuous_supervision,39,0.85,0,0.0,17019028,2086.977808998199,0.0
continuous_supervision,40,0.85,0,0.0,17017267,2085.848567978246,0.0001
continuous_supervision,41,0.85,0,0.0,17016869,2086.865831981413,0.0001
continuous_supervision,42,0.85,0,0.0,17016809,2086.7499870073516,0.0
continuous_supervision,43,0.85,0,0.0,17016541,2086.5382359770592,0.0001
continuous_supervision,44,0.85,0,0.0,17018888,2086.9735369924456,0.0002
continuous_supervision,45,0.85,0,0.0,17017909,2086.0832759935874,0.0001
continuous_supervision,46,0.85,0,0.0,17018052,2086.551985004917,0.0001
continuous_supervision,47,0.85,0,0.0,17018721,2087.260539003182,0.0
continuous_supervision,48,0.85,0,0.0,17018539,2086.152738018427,0.0001
continuous_supervision,49,0.85,0,0.0,17015806,2087.6230990106706,0.0001
event_gated_no_cooccurrence,0,0.85,0,0.0,16991419,2052.2666859906167,0.0003
event_gated_no_cooccurrence,1,0.85,0,0.0,16993267,2050.5530149966944,0.0001
event_gated_no_cooccurrence,2,0.85,0,0.0,16991455,2051.559494022513,0.0
event_gated_no_cooccurrence,3,0.85,0,0.0,16991786,2052.256878989283,0.0002
event_gated_no_cooccurrence,4,0.85,0,0.0,16990693,2051.620123995235,0.0
event_gated_no_cooccurrence,5,0.85,0,0.0,16993347,2050.5336970090866,0.0001
event_gated_no_cooccurrence,6,0.85,0,0.0,16991115,2050.876066001365,0.0001
event_gated_no_cooccurrence,7,0.85,0,0.0,16991738,2051.659628021298,0.0002
event_gated_no_cooccurrence,8,0.85,0,0.0,16990847,2050.7234440010507,0.0001
event_gated_no_cooccurrence,9,0.85,0,0.0,16995265,2050.720141007332,0.0003
event_gated_no_cooccurrence,10,0.85,0,0.0,16992921,2051.0719509911723,0.0004
event_gated_no_cooccurrence,11,0.85,0,0.0,16990833,2050.270487990929,0.0001
event_gated_no_cooccurrence,12,0.85,0,0.0,16990574,2050.825981015805,0.0002
event_gated_no_cooccurrence,13,0.85,0,0.0,16992433,2050.1074960047845,0.0001
event_gated_no_cooccurrence,14,0.85,0,0.0,16991766,2050.524233985925,0.0002
event_gated_no_cooccurrence,15,0.85,0,0.0,16993583,2050.274751003599,0.0002
event_gated_no_cooccurrence,16,0.85,0,0.0,16992663,2050.273463013582,0.0001
event_gated_no_cooccurrence,17,0.85,0,0.0,16992175,2051.000286999624,0.0001
event_gated_no_cooccurrence,18,0.85,0,0.0,16990802,2050.70033899392,0.0001
event_gated_no_cooccurrence,19,0.85,0,0.0,16992713,2050.884591997601,0.0001
event_gated_no_cooccurrence,20,0.85,0,0.0,16995211,2049.9766300199553,0.0001
event_gated_no_cooccurrence,21,0.85,0,0.0,16993215,2050.621787988348,0.0
event_gated_no_cooccurrence,22,0.85,0,0.0,16991329,2052.0863219862804,0.0001
event_gated_no_cooccurrence,23,0.85,0,0.0,16992496,2050.948210991919,0.0002
event_gated_no_cooccurrence,24,0.85,0,0.0,16994242,2051.2550580024254,0.0002
event_gated_no_cooccurrence,25,0.85,0,0.0,16990231,2050.7683210016694,0.0001
event_gated_no_cooccurrence,26,0.85,0,0.0,16992366,2050.4774910223205,0.0001
event_gated_no_cooccurrence,27,0.85,0,0.0,16993031,2050.2401019912213,0.0001
event_gated_no_cooccurrence,28,0.85,0,0.0,16991781,2049.666706996504,0.0
event_gated_no_cooccurrence,29,0.85,0,0.0,16993754,2051.0661829903256,0.0
event_gated_no_cooccurrence,30,0.85,0,0.0,16992525,2050.382704997901,0.0004
event_gated_no_cooccurrence,31,0.85,0,0.0,16990469,2050.640173983993,0.0
event_gated_no_cooccurrence,32,0.85,0,0.0,16990827,2050.886059005279,0.0001
event_gated_no_cooccurrence,33,0.85,0,0.0,16993260,2050.7666880148463,0.0001
event_gated_no_cooccurrence,34,0.85,0,0.0,16991779,2050.6404690095223,0.0001
event_gated_no_cooccurrence,35,0.85,0,0.0,16993549,2050.0477449968457,0.0004
event_gated_no_cooccurrence,36,0.85,0,0.0,16993321,2050.7164529990405,0.0001
event_gated_no_cooccurrence,37,0.85,0,0.0,16991586,2051.454636006383,0.0002
event_gated_no_cooccurrence,38,0.85,0,0.0,16993269,2050.9507130191196,0.0003
event_gated_no_cooccurrence,39,0.85,0,0.0,16994114,2050.6487769889645,0.0
event_gated_no_cooccurrence,40,0.85,0,0.0,16992352,2049.94936301955,0.0
event_gated_no_cooccurrence,41,0.85,0,0.0,16993385,2050.72898499202,0.0
event_gated_no_cooccurrence,42,0.85,0,0.0,16992024,2051.571583986515,0.0
event_gated_no_cooccurrence,43,0.85,0,0.0,16993035,2050.527362996945,0.0002
event_gated_no_cooccurrence,44,0.85,0,0.0,16991361,2050.7869420107454,0.0003
event_gated_no_cooccurrence,45,0.85,0,0.0,16995276,2051.2356140243355,0.0
event_gated_no_cooccurrence,46,0.85,0,0.0,16995894,2049.9404419970233,0.0005
event_gated_no_cooccurrence,47,0.85,0,0.0,16994289,2050.352024001768,0.0001
event_gated_no_cooccurrence,48,0.85,0,0.0,16992050,2050.4374239826575,0.0001
event_gated_no_cooccurrence,49,0.85,0,0.0,16991420,2051.116436981829,0.0001
event_gated_duj,0,0.85,0,0.0,146500,1934.1074920084793,0.0016
event_gated_duj,1,0.85,0,0.0,146652,1935.7450169918593,0.001
event_gated_duj,2,0.85,0,0.0,146423,1933.4400609950535,0.001
event_gated_duj,3,0.85,0,0.0,146477,1933.8375290099066,0.0011
event_gated_duj,4,0.85,0,0.0,146866,1933.8275000045542,0.0009
event_gated_duj,5,0.85,0,0.0,147689,1933.1665780046023,0.0012
event_gated_duj,6,0.85,0,0.0,146736,1933.5424129967578,0.0011
event_gated_duj,7,0.85,0,0.0,146254,1935.184545989614,0.0013
event_gated_duj,8,0.85,0,0.0,146968,1934.1037420090288,0.0007
event_gated_duj,9,0.85,0,0.0,147280,1934.7813749918714,0.0015
event_gated_duj,10,0.85,0,0.0,146440,1934.4099939917214,0.0015
event_gated_duj,11,0.85,0,0.0,147732,1934.5989459834527,0.0007
event_gated_duj,12,0.85,0,0.0,147052,1934.2141560046002,0.0018
event_gated_duj,13,0.85,0,0.0,145675,1935.0519200088456,0.0017
event_gated_duj,14,0.85,0,0.0,147469,1934.4782949774526,0.0017
event_gated_duj,15,0.85,0,0.0,147391,1934.6269240195397,0.001
event_gated_duj,16,0.85,0,0.0,147448,1933.3226929884404,0.001
event_gated_duj,17,0.85,0,0.0,145977,1932.8460609831382,0.0013
event_gated_duj,18,0.85,0,0.0,147140,1933.601581986295,0.0014
event_gated_duj,19,0.85,0,0.0,146359,1933.028085011756,0.0014
event_gated_duj,20,0.85,0,0.0,146847,1933.8993529963773,0.002
event_gated_duj,21,0.85,0,0.0,146468,1933.6624699935783,0.0008
event_gated_duj,22,0.85,0,0.0,146639,1932.8855439962354,0.001
event_gated_duj,23,0.85,0,0.0,146418,1933.0045410024468,0.0015
event_gated_duj,24,0.85,0,0.0,146723,1933.191922988044,0.001
event_gated_duj,25,0.85,0,0.0,146448,1932.969087996753,0.0019
event_gated_duj,26,0.85,0,0.0,146824,1933.3174010098446,0.0013
event_gated_duj,27,0.85,0,0.0,146657,1931.524198007537,0.0017
event_gated_duj,28,0.85,0,0.0,146759,1932.75940901367,0.0012
event_gated_duj,29,0.85,0,0.0,146531,1933.0933850142173,0.0018
event_gated_duj,30,0.85,0,0.0,146774,1934.425557992654,0.0009
event_gated_duj,31,0.85,0,0.0,147097,1933.7878979858942,0.001
event_gated_duj,32,0.85,0,0.0,146787,1931.981157977134,0.0013
event_gated_duj,33,0.85,0,0.0,146439,1933.747836999828,0.0019
event_gated_duj,34,0.85,0,0.0,147056,1934.0158269915264,0.0015
event_gated_duj,35,0.85,0,0.0,146189,1933.687293989351,0.001
event_gated_duj,36,0.85,0,0.0,145777,1933.4982190048322,0.0008
event_gated_duj,37,0.85,0,0.0,147469,1932.978128985269,0.0011
event_gated_duj,38,0.85,0,0.0,146633,1932.6642189989798,0.0011
event_gated_duj,39,0.85,0,0.0,146025,1933.3182660047896,0.0016
event_gated_duj,40,0.85,0,0.0,146642,1932.4696570110973,0.0014
event_gated_duj,41,0.85,0,0.0,146457,1932.8938420221675,0.0015
event_gated_duj,42,0.85,0,0.0,146580,1933.6221300181933,0.0019
event_gated_duj,43,0.85,0,0.0,146327,1933.0086309928447,0.0014
event_gated_duj,44,0.85,0,0.0,146882,1933.800375991268,0.0013
event_gated_duj,45,0.85,0,0.0,146278,1932.5737750041299,0.0008
event_gated_duj,46,0.85,0,0.0,146626,1933.3595669886563,0.0015
event_gated_duj,47,0.85,0,0.0,146962,1933.2495330017991,0.0014
event_gated_duj,48,0.85,0,0.0,146171,1931.5739309822675,0.0012
event_gated_duj,49,0.85,0,0.0,146785,1932.825428986689,0.0014
control,0,0.95,4201,0.4201,0,1328.6465729761403,0.7566
control,1,0.95,4322,0.4322,0,1327.989509998588,0.7684
control,2,0.95,4227,0.4227,0,1328.822527982993,0.7552
control,3,0.95,4256,0.4256,0,1329.0962369937915,0.7565
control,4,0.95,4179,0.4179,0,1327.6592540205456,0.7629
control,5,0.95,4265,0.4265,0,1328.6448830040172,0.7631
control,6,0.95,4166,0.4166,0,1328.336020000279,0.7591
control,7,0.95,4288,0.4288,0,1329.004329018062,0.7542
control,8,0.95,4103,0.4103,0,1328.8227330194786,0.7581
control,9,0.95,4260,0.426,0,1327.9720350110438,0.7592
control,10,0.95,4277,0.4277,0,1327.9036880121566,0.7618
control,11,0.95,4248,0.4248,0,1328.4223949885927,0.7603
control,12,0.95,4221,0.4221,0,1328.294847975485,0.754
control,13,0.95,4258,0.4258,0,1328.888755000662,0.7618
control,14,0.95,4218,0.4218,0,1328.6380699719302,0.7577
control,15,0.95,4171,0.4171,0,1329.6134250122122,0.7578
control,16,0.95,4215,0.4215,0,1328.8468559912872,0.7616
control,17,0.95,4274,0.4274,0,1329.4828460202552,0.7579
control,18,0.95,4210,0.421,0,1327.8354899957776,0.759
control,19,0.95,4277,0.4277,0,1329.1281319980044,0.7707
control,20,0.95,4312,0.4312,0,1327.3563270049635,0.7621
control,21,0.95,4255,0.4255,0,1328.68541800417,0.7594
control,22,0.95,4251,0.4251,0,1328.3671780081932,0.7677
control,23,0.95,4163,0.4163,0,1329.0627519891132,0.7586
control,24,0.95,4181,0.4181,0,1328.4780429967213,0.7617
control,25,0.95,4296,0.4296,0,1329.20472099795,0.7638
control,26,0.95,4175,0.4175,0,1328.8311539799906,0.7556
control,27,0.95,4111,0.4111,0,1328.9971800113562,0.7566
control,28,0.95,4199,0.4199,0,1328.372980991844,0.7653
control,29,0.95,4246,0.4246,0,1328.4222059883177,0.7626
control,30,0.95,4246,0.4246,0,1329.1072830033954,0.7561
control,31,0.95,4184,0.4184,0,1329.4636170030572,0.7594
control,32,0.95,4314,0.4314,0,1328.7014010129496,0.7612
control,33,0.95,4258,0.4258,0,1329.3123969924636,0.7658
control,34,0.95,4165,0.4165,0,1329.5720889873337,0.76
control,35,0.95,4195,0.4195,0,1328.2672369969077,0.7616
control,36,0.95,4183,0.4183,0,1328.7856860260945,0.756
control,37,0.95,4221,0.4221,0,1329.196357022738,0.7545
control,38,0.95,4156,0.4156,0,1329.5313810231164,0.7599
control,39,0.95,4270,0.427,0,1329.1477629973087,0.7623
control,40,0.95,4186,0.4186,0,1328.9736220031045,0.7605
control,41,0.95,4191,0.4191,0,1329.4900879845954,0.7612
control,42,0.95,4250,0.425,0,1329.0596219885629,0.7615
control,43,0.95,4274,0.4274,0,1328.3149090129882,0.7608
control,44,0.95,4248,0.4248,0,1329.0081470040604,0.7626
control,45,0.95,4273,0.4273,0,1328.8705819868483,0.7708
control,46,0.95,4156,0.4156,0,1330.982153012883,0.7586
control,47,0.95,4260,0.426,0,1329.0838490065653,0.7632
control,48,0.95,4227,0.4227,0,1329.973122017691,0.7586
control,49,0.95,4311,0.4311,0,1329.1436390136369,0.7611
continuous_supervision,0,0.95,0,0.0,18999012,1900.7793100026902,0.0001
continuous_supervision,1,0.95,0,0.0,18999667,1898.8807239802554,0.0
continuous_supervision,2,0.95,0,0.0,18999402,1899.0901179786306,0.0002
continuous_supervision,3,0.95,0,0.0,18999266,1898.0875819979701,0.0
continuous_supervision,4,0.95,0,0.0,18999941,1897.8005500102881,0.0
continuous_supervision,5,0.95,0,0.0,18999182,1897.789874987211,0.0
continuous_supervision,6,0.95,0,0.0,19001245,1896.7864110018127,0.0
continuous_supervision,7,0.95,0,0.0,19000329,1897.9141599847935,0.0
continuous_supervision,8,0.95,0,0.0,18999287,1896.558658016147,0.0
continuous_supervision,9,0.95,0,0.0,18998786,1896.6832809965126,0.0
continuous_supervision,10,0.95,0,0.0,18999189,1897.0148859953042,0.0
continuous_supervision,11,0.95,0,0.0,18999481,1895.3429270186462,0.0
continuous_supervision,12,0.95,0,0.0,18998030,1896.3102239940781,0.0
continuous_supervision,13,0.95,0,0.0,18998626,1896.3540149852633,0.0001
continuous_supervision,14,0.95,0,0.0,18997379,1896.3175469834823,0.0
continuous_supervision,15,0.95,0,0.0,18998324,1896.5171479794662,0.0001
continuous_supervision,16,0.95,0,0.0,18999570,1896.3196850090753,0.0
continuous_supervision,17,0.95,0,0.0,19000842,1895.9875620203093,0.0001
continuous_supervision,18,0.95,0,0.0,19000173,1896.3928000011947,0.0
continuous_supervision,19,0.95,0,0.0,18998978,1896.4312140014954,0.0002
continuous_supervision,20,0.95,0,0.0,18999249,1896.208405989455,0.0002
continuous_supervision,21,0.95,0,0.0,18998114,1897.9137989808805,0.0001
continuous_supervision,22,0.95,0,0.0,19000155,1897.1231059986167,0.0002
continuous_supervision,23,0.95,0,0.0,18999418,1895.4604919999838,0.0
continuous_supervision,24,0.95,0,0.0,18998928,1896.5467349917162,0.0
continuous_supervision,25,0.95,0,0.0,18999222,1895.4069479950704,0.0001
continuous_supervision,26,0.95,0,0.0,18999693,1897.2137500240933,0.0
continuous_supervision,27,0.95,0,0.0,18998580,1896.379441022873,0.0
continuous_supervision,28,0.95,0,0.0,18999701,1895.9414929850027,0.0
continuous_supervision,29,0.95,0,0.0,18999989,1896.6375190066174,0.0
continuous_supervision,30,0.95,0,0.0,18997624,1895.9771980007645,0.0
continuous_supervision,31,0.95,0,0.0,18998261,1896.0481559915934,0.0001
continuous_supervision,32,0.95,0,0.0,18997453,1896.3818379852455,0.0
continuous_supervision,33,0.95,0,0.0,19001250,1896.0218749998603,0.0001
continuous_supervision,34,0.95,0,0.0,18999478,1896.1904989846516,0.0
continuous_supervision,35,0.95,0,0.0,18999501,1896.4130430249497,0.0001
continuous_supervision,36,0.95,0,0.0,19000324,1895.8348349842709,0.0001
continuous_supervision,37,0.95,0,0.0,18999733,1896.3652269740123,0.0001
continuous_supervision,38,0.95,0,0.0,18998793,1895.6588550063316,0.0002
continuous_supervision,39,0.95,0,0.0,18999570,1896.255072002532,0.0
continuous_supervision,40,0.95,0,0.0,18999696,1896.5634740015958,0.0
continuous_supervision,41,0.95,0,0.0,18998819,1895.520263002254,0.0001
continuous_supervision,42,0.95,0,0.0,18999379,1895.5012990045361,0.0
continuous_supervision,43,0.95,0,0.0,18998066,1896.9368929974735,0.0001
continuous_supervision,44,0.95,0,0.0,18998641,1896.346205001464,0.0001
continuous_supervision,45,0.95,0,0.0,19000664,1896.6061579994857,0.0001
continuous_supervision,46,0.95,0,0.0,19000281,1895.2154190046713,0.0001
continuous_supervision,47,0.95,0,0.0,18998865,1893.3790400042199,0.0
continuous_supervision,48,0.95,0,0.0,18999130,1895.4056869843043,0.0001
continuous_supervision,49,0.95,0,0.0,18997746,1896.051023999462,0.0001
event_gated_no_cooccurrence,0,0.95,0,0.0,18989495,1858.1432810169645,0.0003
event_gated_no_cooccurrence,1,0.95,0,0.0,18989575,1857.818453980144,0.0002
event_gated_no_cooccurrence,2,0.95,0,0.0,18988245,1857.1390259894542,0.0
event_gated_no_cooccurrence,3,0.95,0,0.0,18990252,1856.4168130105827,0.0001
event_gated_no_cooccurrence,4,0.95,0,0.0,18990828,1857.5581810146105,0.0001
event_gated_no_cooccurrence,5,0.95,0,0.0,18990999,1857.1691619872581,0.0001
event_gated_no_cooccurrence,6,0.95,0,0.0,18989296,1857.900079980027,0.0001
event_gated_no_cooccurrence,7,0.95,0,0.0,18989073,1857.7516859804746,0.0002
event_gated_no_cooccurrence,8,0.95,0,0.0,18989667,1857.8196359740105,0.0001
event_gated_no_cooccurrence,9,0.95,0,0.0,18990996,1857.8416669915896,0.0002
event_gated_no_cooccurrence,10,0.95,0,0.0,18990759,1858.177448011702,0.0003
event_gated_no_cooccurrence,11,0.95,0,0.0,18989339,1858.0500109819695,0.0
event_gated_no_cooccurrence,12,0.95,0,0.0,18989373,1857.0680760021787,0.0001
event_gated_no_cooccurrence,13,0.95,0,0.0,18989510,1856.6451860242523,0.0001
event_gated_no_cooccurrence,14,0.95,0,0.0,18990790,1856.8178949935827,0.0002
event_gated_no_cooccurrence,15,0.95,0,0.0,18989972,1856.0971539991442,0.0002
event_gated_no_cooccurrence,16,0.95,0,0.0,18990241,1855.6536530086305,0.0001
event_gated_no_cooccurrence,17,0.95,0,0.0,18989101,1856.9184570224024,0.0002
event_gated_no_cooccurrence,18,0.95,0,0.0,18989743,1856.3957910228055,0.0001
event_gated_no_cooccurrence,19,0.95,0,0.0,18990130,1857.0914349984378,0.0001
event_gated_no_cooccurrence,20,0.95,0,0.0,18989045,1857.2210980055388,0.0001
event_gated_no_cooccurrence,21,0.95,0,0.0,18989860,1855.242816003738,0.0001
event_gated_no_cooccurrence,22,0.95,0,0.0,18990209,1856.5285119984765,0.0001
event_gated_no_cooccurrence,23,0.95,0,0.0,18988923,1857.2722369863186,0.0001
event_gated_no_cooccurrence,24,0.95,0,0.0,18989781,1857.2339320089668,0.0001
event_gated_no_cooccurrence,25,0.95,0,0.0,18989385,1856.5399979997892,0.0002
event_gated_no_cooccurrence,26,0.95,0,0.0,18990082,1856.5263090131339,0.0001
event_gated_no_cooccurrence,27,0.95,0,0.0,18988854,1856.9431900104973,0.0001
event_gated_no_cooccurrence,28,0.95,0,0.0,18989839,1857.7710039971862,0.0
event_gated_no_cooccurrence,29,0.95,0,0.0,18989144,1857.0627910085022,0.0
event_gated_no_cooccurrence,30,0.95,0,0.0,18989284,1857.1039680100512,0.0004
event_gated_no_cooccurrence,31,0.95,0,0.0,18989679,1857.0848560193554,0.0
event_gated_no_cooccurrence,32,0.95,0,0.0,18989165,1856.8354150047526,0.0002
event_gated_no_cooccurrence,33,0.95,0,0.0,18988831,1857.1062230039388,0.0001
event_gated_no_cooccurrence,34,0.95,0,0.0,18989139,1857.2169610124547,0.0001
event_gated_no_cooccurrence,35,0.95,0,0.0,18991384,1856.642530998215,0.0004
event_gated_no_cooccurrence,36,0.95,0,0.0,18990679,1857.2790790058207,0.0001
event_gated_no_cooccurrence,37,0.95,0,0.0,18988763,1857.1278669987805,0.0002
event_gated_no_cooccurrence,38,0.95,0,0.0,18988412,1857.0803660259116,0.0003
event_gated_no_cooccurrence,39,0.95,0,0.0,18990379,1857.498516998021,0.0
event_gated_no_cooccurrence,40,0.95,0,0.0,18990166,1856.8566370231565,0.0
event_gated_no_cooccurrence,41,0.95,0,0.0,18990650,1857.0313670206815,0.0
event_gated_no_cooccurrence,42,0.95,0,0.0,18989184,1856.7299470014405,0.0
event_gated_no_cooccurrence,43,0.95,0,0.0,18989965,1857.8955959819723,0.0002
event_gated_no_cooccurrence,44,0.95,0,0.0,18988952,1857.1690309909172,0.0002
event_gated_no_cooccurrence,45,0.95,0,0.0,18991054,1858.1793539924547,0.0
event_gated_no_cooccurrence,46,0.95,0,0.0,18990896,1857.828045001952,0.0004
event_gated_no_cooccurrence,47,0.95,0,0.0,18990756,1856.578906008508,0.0001
event_gated_no_cooccurrence,48,0.95,0,0.0,18990892,1857.6416739961132,0.0001
event_gated_no_cooccurrence,49,0.95,0,0.0,18988587,1857.8531949897297,0.0001
event_gated_duj,0,0.95,0,0.0,146521,1894.855666992953,0.001
event_gated_duj,1,0.95,0,0.0,146729,1894.8769620037638,0.0011
event_gated_duj,2,0.95,0,0.0,146505,1893.140117987059,0.001
event_gated_duj,3,0.95,0,0.0,146616,1894.6297630027402,0.001
event_gated_duj,4,0.95,0,0.0,146908,1893.8023689843249,0.0009
event_gated_duj,5,0.95,0,0.0,147706,1893.8483689853456,0.0011
event_gated_duj,6,0.95,0,0.0,146802,1894.8019300005399,0.0011
event_gated_duj,7,0.95,0,0.0,146358,1893.9439410169143,0.0013
event_gated_duj,8,0.95,0,0.0,147035,1894.7104289836716,0.0008
event_gated_duj,9,0.95,0,0.0,147396,1895.473589975154,0.0013
event_gated_duj,10,0.95,0,0.0,146516,1895.1141159923282,0.0014
event_gated_duj,11,0.95,0,0.0,147783,1895.5341130204033,0.0008
event_gated_duj,12,0.95,0,0.0,147090,1894.0324840077665,0.0015
event_gated_duj,13,0.95,0,0.0,145693,1893.891051004175,0.0018
event_gated_duj,14,0.95,0,0.0,147498,1897.167374001583,0.0016
event_gated_duj,15,0.95,0,0.0,147379,1898.1997150112875,0.001
event_gated_duj,16,0.95,0,0.0,147441,1895.0215070217382,0.001
event_gated_duj,17,0.95,0,0.0,145956,1894.2975840182044,0.0012
event_gated_duj,18,0.95,0,0.0,147129,1893.5199340048712,0.0013
event_gated_duj,19,0.95,0,0.0,146514,1892.3110259929672,0.0016
event_gated_duj,20,0.95,0,0.0,146971,1891.7662329913583,0.001
event_gated_duj,21,0.95,0,0.0,146550,1890.097875992069,0.0007
event_gated_duj,22,0.95,0,0.0,146776,1890.9840930136852,0.0011
event_gated_duj,23,0.95,0,0.0,146487,1890.5412789899856,0.0015
event_gated_duj,24,0.95,0,0.0,146841,1892.5484729988966,0.0011
event_gated_duj,25,0.95,0,0.0,146466,1892.5980009953491,0.0021
event_gated_duj,26,0.95,0,0.0,146866,1891.7793509899639,0.0013
event_gated_duj,27,0.95,0,0.0,146723,1892.561631015269,0.0019
event_gated_duj,28,0.95,0,0.0,146821,1891.928896016907,0.0013
event_gated_duj,29,0.95,0,0.0,146615,1892.316812009085,0.0007
event_gated_duj,30,0.95,0,0.0,146897,1891.536878014449,0.001
event_gated_duj,31,0.95,0,0.0,147247,1892.7261549979448,0.0005
event_gated_duj,32,0.95,0,0.0,146856,1891.9322019792162,0.0007
event_gated_duj,33,0.95,0,0.0,146515,1892.3486950225197,0.0019
event_gated_duj,34,0.95,0,0.0,147142,1892.0686549972743,0.0015
event_gated_duj,35,0.95,0,0.0,146269,1891.397737985244,0.0008
event_gated_duj,36,0.95,0,0.0,145891,1892.30957601103,0.0008
event_gated_duj,37,0.95,0,0.0,147531,1892.0016580086667,0.0012
event_gated_duj,38,0.95,0,0.0,146756,1892.407136008842,0.001
event_gated_duj,39,0.95,0,0.0,146074,1892.6304710039403,0.0016
event_gated_duj,40,0.95,0,0.0,146721,1892.2323760052677,0.0012
event_gated_duj,41,0.95,0,0.0,146569,1892.1983700129203,0.0016
event_gated_duj,42,0.95,0,0.0,146713,1890.8398740168195,0.0018
event_gated_duj,43,0.95,0,0.0,146391,1893.335175991524,0.0012
event_gated_duj,44,0.95,0,0.0,147014,1893.7817989790346,0.0012
event_gated_duj,45,0.95,0,0.0,146367,1892.8872919932473,0.001
event_gated_duj,46,0.95,0,0.0,146669,1892.3522979894187,0.0015
event_gated_duj,47,0.95,0,0.0,146965,1892.029299022397,0.0014
event_gated_duj,48,0.95,0,0.0,146282,1892.1876040112693,0.0004
event_gated_duj,49,0.95,0,0.0,146850,1893.0139949952718,0.0013
