failure_rate,correction_budget,final_instability,latency_ms,window,min_hits,seed
0.2264,7165050,0.5656623074254585,2556.810140609741,3,1,0
0.2409,7079525,0.5922663122469171,2561.3338947296143,3,1,1
0.2328,7115759,0.5712707181809566,2555.0270080566406,3,1,2
0.2332,7132375,0.577160706106866,2554.8243522644043,3,1,3
0.2323,7134635,0.5684852080887159,2554.7451972961426,3,1,4
0.2266,7141853,0.5672171059985792,2555.2005767822266,3,1,5
0.2334,7121110,0.57302147750182,2554.241895675659,3,1,6
0.2361,7106868,0.5890545011374052,2554.6326637268066,3,1,7
0.2324,7125533,0.568952574412918,2565.927267074585,3,1,8
0.2336,7111239,0.5802642607483028,2556.1156272888184,3,1,9
0.2344,7120119,0.5763448369048985,2555.802583694458,3,1,10
0.2314,7129540,0.5725852892076735,2556.607961654663,3,1,11
0.2373,7110975,0.5877253339519198,2556.002616882324,3,1,12
0.2315,7124130,0.570705490824449,2557.1184158325195,3,1,13
0.2295,7150213,0.5737850253771758,2558.2432746887207,3,1,14
0.231,7147756,0.5758795620982199,2556.150197982788,3,1,15
0.2356,7113781,0.5837371176786572,2557.278633117676,3,1,16
0.2335,7132224,0.5717080134595557,2557.339906692505,3,1,17
0.2368,7107314,0.5851385773324143,2555.8125972747803,3,1,18
0.2418,7094454,0.5865356148583275,2555.697202682495,3,1,19
0.2335,7132039,0.5700190479061589,2557.551383972168,3,1,20
0.2327,7124862,0.5703732378559546,2556.1840534210205,3,1,21
0.2369,7107693,0.5780346106202501,2556.2238693237305,3,1,22
0.2313,7129694,0.5744867388645589,2562.613010406494,3,1,23
0.2402,7094711,0.5793031252723542,2558.2995414733887,3,1,24
0.2257,7159254,0.5682877621257956,2561.483144760132,3,1,25
0.2281,7150524,0.5729546059639928,2561.5603923797607,3,1,26
0.2361,7114379,0.5684578651843615,2559.575080871582,3,1,27
0.2295,7137399,0.5746449389030891,2560.661554336548,3,1,28
0.2335,7141912,0.5799878322992047,2561.1302852630615,3,1,29
0.1391,3644446,0.42678711478874154,2354.029417037964,3,2,0
0.1402,3623766,0.42927606376463,2355.0095558166504,3,2,1
0.1458,3621712,0.4347228466449565,2353.0266284942627,3,2,2
0.1395,3645472,0.4206090234340726,2351.8993854522705,3,2,3
0.1418,3630051,0.4349563500036601,2352.6477813720703,3,2,4
0.1441,3626150,0.43464055538126106,2351.5141010284424,3,2,5
0.1432,3623835,0.43369844521290624,2354.145050048828,3,2,6
0.1403,3636922,0.4268206149234177,2352.153778076172,3,2,7
0.1401,3639242,0.4263972211377397,2352.62131690979,3,2,8
0.1424,3626474,0.4345143865006683,2352.9651165008545,3,2,9
0.1382,3631748,0.4264299583467533,2354.877471923828,3,2,10
0.1405,3635066,0.43255703005397445,2352.818250656128,3,2,11
0.1431,3636719,0.4334654871829982,2354.203701019287,3,2,12
0.1404,3631102,0.426081572343502,2352.621555328369,3,2,13
0.1424,3631497,0.43298321441805365,2355.0143241882324,3,2,14
0.1441,3624931,0.43813875758283877,2354.8314571380615,3,2,15
0.1385,3638153,0.42807747937344964,2355.7825088500977,3,2,16
0.1451,3623477,0.4355469854949179,2355.4604053497314,3,2,17
0.1392,3632437,0.42862914875690633,2354.1929721832275,3,2,18
0.1416,3633626,0.42965997528500494,2353.2910346984863,3,2,19
0.1363,3643540,0.4219794553061817,2352.6885509490967,3,2,20
0.1408,3637277,0.42671870101791026,2351.916551589966,3,2,21
0.1386,3636658,0.42998989757669176,2351.459264755249,3,2,22
0.1412,3631765,0.4313195767299782,2354.039192199707,3,2,23
0.1483,3616119,0.4350943844173291,2351.653814315796,3,2,24
0.1442,3620596,0.44299543001339226,2353.289842605591,3,2,25
0.14,3640774,0.42724267138558514,2352.0915508270264,3,2,26
0.1444,3626774,0.438467938000553,2351.8569469451904,3,2,27
0.1401,3636176,0.42581192699132137,2351.7889976501465,3,2,28
0.1432,3629299,0.4320192846110638,2351.769208908081,3,2,29
0.0813,844217,0.3482610547727198,2024.925708770752,3,3,0
0.0781,840985,0.34754999594241415,2024.9483585357666,3,3,1
0.0849,840439,0.35861076497335626,2028.8376808166504,3,3,2
0.0765,843844,0.34603638310892737,2025.1305103302002,3,3,3
0.0808,839712,0.352017875290344,2024.6732234954834,3,3,4
0.0781,840543,0.3470005536331886,2023.270845413208,3,3,5
0.0825,838754,0.35284052835215796,2023.4239101409912,3,3,6
0.0784,841466,0.347505823108599,2022.4173069000244,3,3,7
0.0805,842589,0.35102750988088527,2024.1775512695312,3,3,8
0.0767,843379,0.3441704289514855,2023.317813873291,3,3,9
0.0827,839352,0.347844325807943,2024.0769386291504,3,3,10
0.077,841413,0.3390093573866377,2023.1528282165527,3,3,11
0.0798,841423,0.34646491586221484,2022.5937366485596,3,3,12
0.0781,843051,0.3484341729654173,2023.9148139953613,3,3,13
0.0811,841845,0.34705962553684544,2023.524284362793,3,3,14
0.0751,842568,0.341233736437688,2023.1678485870361,3,3,15
0.0819,839911,0.35207805293528893,2024.3864059448242,3,3,16
0.0773,843027,0.3413702448264384,2024.066686630249,3,3,17
0.0785,842587,0.34183181911810606,2023.9593982696533,3,3,18
0.0837,839046,0.3542806951373943,2024.857759475708,3,3,19
0.0758,842566,0.34155898409423463,2024.6424674987793,3,3,20
0.0819,841932,0.3437319297827792,2022.4387645721436,3,3,21
0.0794,841860,0.3466103326032856,2023.594856262207,3,3,22
0.0792,841993,0.34478142528386874,2021.8656063079834,3,3,23
0.0781,837186,0.3417753568303414,2022.6466655731201,3,3,24
0.0789,841336,0.35117002822807636,2024.6801376342773,3,3,25
0.0754,844219,0.33950690590943605,2023.902177810669,3,3,26
0.0799,842304,0.3456201296773156,2023.3335494995117,3,3,27
0.0792,842398,0.34699467932142264,2023.733139038086,3,3,28
0.0815,838113,0.3485169875640391,2023.17214012146,3,3,29
0.5453,0,1.1299016666747634,1939.9521350860596,3,4,0
0.5454,0,1.1396844464532767,1941.263198852539,3,4,1
0.5441,0,1.1516490837302378,1939.9220943450928,3,4,2
0.5442,0,1.1445656680531338,1939.0177726745605,3,4,3
0.5423,0,1.1545317901997432,1940.9239292144775,3,4,4
0.5419,0,1.14478884775509,1941.0388469696045,3,4,5
0.5478,0,1.1416641728957377,1940.1943683624268,3,4,6
0.5407,0,1.137692147889875,1939.6867752075195,3,4,7
0.5466,0,1.151777631370351,1940.6285285949707,3,4,8
0.5448,0,1.1362450436204836,1942.0585632324219,3,4,9
0.5434,0,1.1316155018792828,1939.769983291626,3,4,10
0.5483,0,1.1474071801474637,1942.3704147338867,3,4,11
0.5453,0,1.140172903649768,1940.9053325653076,3,4,12
0.5424,0,1.1475796896846338,1941.8606758117676,3,4,13
0.5445,0,1.128633212260495,1941.8561458587646,3,4,14
0.5435,0,1.1459173072332363,1942.4033164978027,3,4,15
0.5444,0,1.1478609547571985,1941.309928894043,3,4,16
0.5542,0,1.136645223567208,1941.8342113494873,3,4,17
0.5445,0,1.1374920048780897,1942.5733089447021,3,4,18
0.541,0,1.13644559943635,1941.544771194458,3,4,19
0.5469,0,1.1315825527431995,1942.462682723999,3,4,20
0.5471,0,1.1510074100974172,1939.0134811401367,3,4,21
0.5528,0,1.1456456886242063,1940.83833694458,3,4,22
0.5429,0,1.1338726176391745,1940.2225017547607,3,4,23
0.5419,0,1.1402744656430144,1940.0303363800049,3,4,24
0.5426,0,1.159158505184815,1942.0087337493896,3,4,25
0.5418,0,1.1425750951714309,1941.3723945617676,3,4,26
0.5476,0,1.163490971561591,1941.2713050842285,3,4,27
0.5351,0,1.1317433905203385,1939.79811668396,3,4,28
0.5357,0,1.1355064983998606,1939.6533966064453,3,4,29
0.5453,0,1.1299016666747634,1940.7627582550049,3,5,0
0.5454,0,1.1396844464532767,1941.460132598877,3,5,1
0.5441,0,1.1516490837302378,1940.3603076934814,3,5,2
0.5442,0,1.1445656680531338,1938.9686584472656,3,5,3
0.5423,0,1.1545317901997432,1942.2607421875,3,5,4
0.5419,0,1.14478884775509,1943.5017108917236,3,5,5
0.5478,0,1.1416641728957377,1941.3626194000244,3,5,6
0.5407,0,1.137692147889875,1940.047264099121,3,5,7
0.5466,0,1.151777631370351,1940.9446716308594,3,5,8
0.5448,0,1.1362450436204836,1939.415454864502,3,5,9
0.5434,0,1.1316155018792828,1939.5365715026855,3,5,10
0.5483,0,1.1474071801474637,1942.3108100891113,3,5,11
0.5453,0,1.140172903649768,1940.2875900268555,3,5,12
0.5424,0,1.1475796896846338,1941.962480545044,3,5,13
0.5445,0,1.128633212260495,1941.366195678711,3,5,14
0.5435,0,1.1459173072332363,1940.3676986694336,3,5,15
0.5444,0,1.1478609547571985,1940.6182765960693,3,5,16
0.5542,0,1.136645223567208,1942.5082206726074,3,5,17
0.5445,0,1.1374920048780897,1939.83793258667,3,5,18
0.541,0,1.13644559943635,1939.3055438995361,3,5,19
0.5469,0,1.1315825527431995,1940.178632736206,3,5,20
0.5471,0,1.1510074100974172,1938.5278224945068,3,5,21
0.5528,0,1.1456456886242063,1941.4703845977783,3,5,22
0.5429,0,1.1338726176391745,1940.784215927124,3,5,23
0.5419,0,1.1402744656430144,1939.6178722381592,3,5,24
0.5426,0,1.159158505184815,1941.441297531128,3,5,25
0.5418,0,1.1425750951714309,1939.488410949707,3,5,26
0.5476,0,1.163490971561591,1940.7155513763428,3,5,27
0.5351,0,1.1317433905203385,1939.2292499542236,3,5,28
0.5357,0,1.1355064983998606,1939.7900104522705,3,5,29
0.2536,8121980,0.613811100551107,2674.7829914093018,5,1,0
0.2633,8065412,0.6194833370116173,2672.269344329834,5,1,1
0.2556,8108399,0.611859093723133,2673.6485958099365,5,1,2
0.2561,8100535,0.6147045179153442,2671.8335151672363,5,1,3
0.2613,8089684,0.6138246402605927,2673.2985973358154,5,1,4
0.2526,8116887,0.614074717310644,2676.053762435913,5,1,5
0.264,8048040,0.6186143542164296,2673.492193222046,5,1,6
0.2584,8089619,0.6214520487055862,2671.800136566162,5,1,7
0.2625,8075484,0.6175390532430102,2671.58842086792,5,1,8
0.2571,8084215,0.609211673250338,2669.9721813201904,5,1,9
0.2632,8074912,0.6184867246700614,2671.687602996826,5,1,10
0.2619,8074616,0.6244441610351189,2672.907590866089,5,1,11
0.2606,8076957,0.6202783629273357,2671.736478805542,5,1,12
0.2629,8073256,0.6241610616196147,2671.4088916778564,5,1,13
0.2613,8090217,0.6160219683704171,2672.7042198181152,5,1,14
0.2571,8108551,0.6272773242676242,2673.5682487487793,5,1,15
0.2556,8100683,0.6118300179872566,2673.8128662109375,5,1,16
0.2631,8079919,0.614877470437383,2671.8661785125732,5,1,17
0.2664,8042427,0.6313415753109475,2671.5681552886963,5,1,18
0.2684,8049808,0.6319446742937409,2672.6632118225098,5,1,19
0.2566,8127255,0.6156714604494505,2676.300287246704,5,1,20
0.2606,8103155,0.613514285150556,2673.7093925476074,5,1,21
0.2617,8071113,0.6218405981004326,2672.813892364502,5,1,22
0.2578,8072372,0.6091385872247083,2672.7981567382812,5,1,23
0.2675,8052359,0.6293235298531501,2672.5244522094727,5,1,24
0.257,8133312,0.6172667239651694,2673.534870147705,5,1,25
0.2585,8083886,0.614430661007368,2673.5050678253174,5,1,26
0.2606,8092791,0.6112558652365188,2673.3052730560303,5,1,27
0.2566,8101814,0.6161877069522076,2674.013614654541,5,1,28
0.2551,8104485,0.6141640671138497,2673.6412048339844,5,1,29
0.2089,6283938,0.5426419097113057,2580.687999725342,5,2,0
0.2163,6227755,0.5442098670791367,2580.476999282837,5,2,1
0.2118,6249875,0.5364288073329534,2582.209348678589,5,2,2
0.2044,6275620,0.535257868890182,2582.024574279785,5,2,3
0.2104,6272082,0.5356198805354121,2580.9173583984375,5,2,4
0.1994,6302073,0.5171383069960176,2579.4947147369385,5,2,5
0.2124,6249576,0.5432006757124108,2578.990697860718,5,2,6
0.2119,6257327,0.5468760872264951,2582.1118354797363,5,2,7
0.211,6267739,0.5410530862238992,2580.023765563965,5,2,8
0.2093,6264214,0.5317422207774983,2579.4754028320312,5,2,9
0.2103,6255483,0.5315155892878668,2581.158399581909,5,2,10
0.2122,6256402,0.5387831645468257,2581.6690921783447,5,2,11
0.2119,6251291,0.5449379465888509,2580.9504985809326,5,2,12
0.2143,6234075,0.5483625546885321,2581.8519592285156,5,2,13
0.2124,6260875,0.5386475599778401,2581.669807434082,5,2,14
0.2078,6289484,0.5408460967114643,2582.5061798095703,5,2,15
0.2106,6254545,0.5431269393528273,2583.414316177368,5,2,16
0.2122,6255465,0.5376639009795587,2581.0956954956055,5,2,17
0.2134,6255433,0.542340614412944,2580.1398754119873,5,2,18
0.2072,6265715,0.5371030713930671,2580.8255672454834,5,2,19
0.2106,6272908,0.5410796549709858,2580.7645320892334,5,2,20
0.2113,6270974,0.543183915187996,2580.4457664489746,5,2,21
0.2075,6272724,0.5324960825476028,2582.719564437866,5,2,22
0.2109,6259880,0.5405130187140229,2580.8966159820557,5,2,23
0.2141,6255734,0.5490258342164394,2580.9953212738037,5,2,24
0.2046,6279996,0.5277627310263131,2580.273389816284,5,2,25
0.2025,6294943,0.5344869645157193,2582.5417041778564,5,2,26
0.2123,6265291,0.5452104078963,2580.54256439209,5,2,27
0.2057,6267678,0.5306733788291286,2580.9109210968018,5,2,28
0.2062,6279796,0.5339490761173085,2581.4318656921387,5,2,29
0.1275,3383755,0.4050854666561522,2397.0248699188232,5,3,0
0.1345,3367639,0.4104992031568575,2396.928548812866,5,3,1
0.1321,3370939,0.41148848053262854,2396.481990814209,5,3,2
0.1303,3380349,0.408495508495764,2396.502733230591,5,3,3
0.129,3377831,0.4077037080312468,2396.672010421753,5,3,4
0.1318,3375450,0.4150972732883266,2395.9028720855713,5,3,5
0.1382,3356136,0.42350295900168794,2398.7200260162354,5,3,6
0.1254,3391523,0.4068057086002296,2397.7303504943848,5,3,7
0.1296,3380815,0.41029988071434326,2397.8092670440674,5,3,8
0.131,3372341,0.41496101705299016,2397.5460529327393,5,3,9
0.1284,3375839,0.40908927500784237,2396.8045711517334,5,3,10
0.1329,3377252,0.41619035479030325,2397.512912750244,5,3,11
0.1353,3371305,0.424734217244251,2396.637201309204,5,3,12
0.1414,3347423,0.4292310691296041,2396.620750427246,5,3,13
0.1308,3377868,0.4071911899202956,2395.7016468048096,5,3,14
0.1348,3371609,0.41832294399801784,2396.1708545684814,5,3,15
0.1284,3378384,0.4123721596678897,2397.491931915283,5,3,16
0.1356,3367546,0.41867592918557,2397.127151489258,5,3,17
0.1334,3370344,0.4162569042557578,2395.4973220825195,5,3,18
0.1331,3369047,0.4149473706815301,2395.191192626953,5,3,19
0.1292,3374144,0.41602871279444187,2396.6267108917236,5,3,20
0.1291,3378570,0.41449815981127996,2396.968126296997,5,3,21
0.1403,3356657,0.42698775101864866,2396.62766456604,5,3,22
0.1271,3384578,0.40729495609192434,2397.366523742676,5,3,23
0.1342,3365517,0.4217614784551579,2396.9080448150635,5,3,24
0.1312,3378989,0.4151121238735629,2398.8890647888184,5,3,25
0.1299,3379188,0.4107473544951437,2399.0328311920166,5,3,26
0.1395,3355342,0.4217681462524397,2398.592472076416,5,3,27
0.136,3369737,0.4162917452641583,2398.8592624664307,5,3,28
0.1274,3376919,0.4072659385099372,2395.1950073242188,5,3,29
0.0761,1127770,0.33411785931862614,2129.319906234741,5,4,0
0.0833,1114299,0.34562824834721234,2128.5083293914795,5,4,1
0.0808,1118343,0.3399193180398046,2128.883123397827,5,4,2
0.0774,1122245,0.33803283447407634,2129.378080368042,5,4,3
0.074,1123280,0.329809766757628,2127.087354660034,5,4,4
0.0752,1121299,0.3359796425835099,2128.74698638916,5,4,5
0.0773,1119900,0.3352932947883602,2126.925468444824,5,4,6
0.0751,1123555,0.33340842216322425,2128.570318222046,5,4,7
0.0756,1123677,0.3331685849601532,2127.0861625671387,5,4,8
0.0773,1121231,0.3354368697187126,2129.7762393951416,5,4,9
0.0778,1121945,0.3377466624127598,2130.1751136779785,5,4,10
0.0821,1120762,0.34264345203391816,2131.3798427581787,5,4,11
0.0817,1119787,0.3413084548359491,2129.5855045318604,5,4,12
0.075,1122506,0.33275688100629514,2129.673719406128,5,4,13
0.0746,1123528,0.332354311812751,2129.5793056488037,5,4,14
0.0741,1125047,0.33137713243946504,2130.1589012145996,5,4,15
0.0799,1121017,0.34060445041528875,2129.8723220825195,5,4,16
0.0808,1120875,0.34202569098616775,2130.970001220703,5,4,17
0.08,1122353,0.34084463357509676,2129.861831665039,5,4,18
0.0779,1120564,0.335399239288466,2130.4922103881836,5,4,19
0.08,1117757,0.3355046734341829,2129.9993991851807,5,4,20
0.0807,1119342,0.33720188237835697,2128.264904022217,5,4,21
0.0816,1122427,0.33613142821214587,2129.2812824249268,5,4,22
0.0772,1124631,0.3370536924005669,2129.57763671875,5,4,23
0.0776,1122014,0.32950423732112866,2127.4826526641846,5,4,24
0.0748,1124002,0.33555622258928375,2129.3880939483643,5,4,25
0.076,1125978,0.33545561002464597,2128.000259399414,5,4,26
0.08,1120890,0.33540088047158884,2127.751588821411,5,4,27
0.0829,1117557,0.33901400561845535,2128.8373470306396,5,4,28
0.0801,1118844,0.34018536891962947,2129.059076309204,5,4,29
0.0804,293268,0.37148472165265606,2014.8968696594238,5,5,0
0.0809,291926,0.37635026649023995,2018.5654163360596,5,5,1
0.0819,292292,0.3717674681837433,2015.7883167266846,5,5,2
0.0831,293707,0.37812772240017567,2015.091896057129,5,5,3
0.0821,292490,0.3746554525390589,2016.700029373169,5,5,4
0.0776,292430,0.36936321759491486,2015.1889324188232,5,5,5
0.0855,293912,0.3762072467631617,2015.519380569458,5,5,6
0.079,294424,0.36339192806977283,2016.0222053527832,5,5,7
0.083,291930,0.37757310066036054,2014.9133205413818,5,5,8
0.0792,295051,0.3701207061095226,2015.7504081726074,5,5,9
0.0837,292587,0.3722929175285966,2017.1897411346436,5,5,10
0.0864,293407,0.3832125617951671,2017.3146724700928,5,5,11
0.0805,294523,0.36716341656445184,2016.279697418213,5,5,12
0.0842,293583,0.3807622981291502,2016.6430473327637,5,5,13
0.0808,295131,0.3738603642794907,2017.7364349365234,5,5,14
0.0794,292820,0.3679645669745306,2015.2266025543213,5,5,15
0.0822,293908,0.3757049431791708,2017.0331001281738,5,5,16
0.0863,294902,0.38000600873966,2019.4065570831299,5,5,17
0.0814,294407,0.37363281095633877,2015.5372619628906,5,5,18
0.0791,292760,0.3680931279220255,2014.3394470214844,5,5,19
0.0794,294041,0.3656664251047499,2016.430377960205,5,5,20
0.0845,293744,0.3794203504920469,2015.4731273651123,5,5,21
0.079,296003,0.37232750214791627,2015.9533023834229,5,5,22
0.0818,293286,0.3719565780683463,2016.9312953948975,5,5,23
0.0803,292529,0.37224437330286964,2017.1236991882324,5,5,24
0.0814,293122,0.3674022539059387,2017.9502964019775,5,5,25
0.0849,293587,0.37334577467726116,2017.5518989562988,5,5,26
0.0823,295465,0.3743588836599859,2017.8337097167969,5,5,27
0.0848,290541,0.38086057407537666,2017.7621841430664,5,5,28
0.0846,292875,0.3777940433011473,2017.4238681793213,5,5,29
0.2668,8436318,0.6393335916515138,2762.5393867492676,7,1,0
0.2688,8406330,0.631157981626437,2757.373332977295,7,1,1
0.2683,8394409,0.6288733335774804,2760.1311206817627,7,1,2
0.2674,8410775,0.6245928669457068,2758.214235305786,7,1,3
0.2746,8391935,0.6383076992032785,2759.2408657073975,7,1,4
0.2635,8430526,0.6247311652280386,2758.9030265808105,7,1,5
0.2716,8370349,0.6316195165305261,2759.042978286743,7,1,6
0.2719,8393333,0.6418734455873575,2758.354902267456,7,1,7
0.2746,8368308,0.643304573539003,2758.5554122924805,7,1,8
0.2659,8390075,0.6267771716419245,2757.8699588775635,7,1,9
0.2687,8415931,0.6271520094871339,2758.880138397217,7,1,10
0.2736,8391789,0.6405743513844886,2759.354829788208,7,1,11
0.2721,8376184,0.6382721353084003,2757.1732997894287,7,1,12
0.2713,8395075,0.638243527411839,2758.728504180908,7,1,13
0.2669,8422417,0.6308725701490375,2759.2785358428955,7,1,14
0.2657,8423966,0.63217134344714,2760.9338760375977,7,1,15
0.2653,8416564,0.6254047912873819,2758.838176727295,7,1,16
0.2631,8445103,0.6214504656874773,2762.208938598633,7,1,17
0.2699,8393515,0.6356963857729329,2760.728359222412,7,1,18
0.2725,8409395,0.6370580973671567,2759.5903873443604,7,1,19
0.2682,8422095,0.6296649307509509,2762.021780014038,7,1,20
0.2702,8417654,0.6270586811849357,2758.807897567749,7,1,21
0.2705,8412272,0.6443051116420917,2760.5648040771484,7,1,22
0.2741,8370752,0.6408899783267998,2758.526563644409,7,1,23
0.2671,8434643,0.6295947109681113,2757.7836513519287,7,1,24
0.2639,8432551,0.6243486855273394,2758.460760116577,7,1,25
0.2638,8427486,0.6273144438512501,2758.8107585906982,7,1,26
0.2701,8402998,0.6366186352488429,2757.953405380249,7,1,27
0.2692,8397305,0.6339939104188647,2761.1310482025146,7,1,28
0.2627,8434196,0.6315545953190774,2760.075807571411,7,1,29
0.2423,7596035,0.6006917357635966,2721.599578857422,7,2,0
0.2486,7552471,0.5988861698601166,2720.3140258789062,7,2,1
0.2444,7555707,0.5864795130846057,2718.0113792419434,7,2,2
0.2441,7561918,0.5924906198975266,2717.745542526245,7,2,3
0.2462,7567991,0.5995825153776371,2718.151807785034,7,2,4
0.2371,7595527,0.5848193583565386,2718.406915664673,7,2,5
0.2499,7522134,0.5952374099435057,2717.9300785064697,7,2,6
0.2475,7565647,0.6082232956916539,2719.395637512207,7,2,7
0.2484,7574374,0.595131430234899,2719.567060470581,7,2,8
0.2417,7563596,0.5866540239853255,2723.4601974487305,7,2,9
0.2504,7551871,0.5990690129961084,2720.4267978668213,7,2,10
0.2481,7554106,0.5951568806151637,2719.9079990386963,7,2,11
0.2475,7567455,0.5971946758789332,2719.4032669067383,7,2,12
0.2499,7539152,0.5978492252542739,2719.93350982666,7,2,13
0.2434,7582377,0.5867229082004518,2720.081090927124,7,2,14
0.2456,7581181,0.5957696413171759,2719.7017669677734,7,2,15
0.2455,7560920,0.5956676896576528,2719.419002532959,7,2,16
0.2428,7580905,0.5897357628748342,2719.5231914520264,7,2,17
0.2475,7552787,0.5966846697056687,2719.6006774902344,7,2,18
0.2528,7532965,0.5968367151849395,2717.0493602752686,7,2,19
0.2409,7610612,0.5830358044080381,2720.6859588623047,7,2,20
0.2422,7597991,0.5896137461775908,2721.1058139801025,7,2,21
0.2423,7579101,0.5954294103099473,2723.710775375366,7,2,22
0.2428,7582787,0.5957308837180866,2723.1035232543945,7,2,23
0.2437,7581578,0.5934778790760267,2719.769239425659,7,2,24
0.2397,7609810,0.5868853146650704,2720.630884170532,7,2,25
0.2439,7580270,0.5929579546091787,2724.168539047241,7,2,26
0.2489,7557530,0.5935980421195062,2720.6497192382812,7,2,27
0.2428,7563394,0.5975454938696545,2722.3899364471436,7,2,28
0.2399,7586338,0.5869025529557588,2720.3586101531982,7,2,29
0.1906,5674871,0.5087601995943704,2619.161367416382,7,3,0
0.1915,5662077,0.5017228057011084,2619.6846961975098,7,3,1
0.1935,5656235,0.5076870798167753,2623.0854988098145,7,3,2
0.1926,5655319,0.5131001324143333,2620.7051277160645,7,3,3
0.1914,5681959,0.5062994566482107,2621.1581230163574,7,3,4
0.1849,5674578,0.49437882444023945,2620.7094192504883,7,3,5
0.2003,5619882,0.5199991470715396,2619.265556335449,7,3,6
0.1897,5676203,0.5093669993381557,2619.438648223877,7,3,7
0.1962,5650759,0.5095933533641579,2617.659330368042,7,3,8
0.1965,5641665,0.511647311299924,2620.4240322113037,7,3,9
0.1954,5652723,0.5058981451831589,2618.985176086426,7,3,10
0.1905,5680069,0.5051283288818835,2617.347002029419,7,3,11
0.194,5656779,0.5118435012323521,2616.2161827087402,7,3,12
0.1944,5654523,0.5114172966460188,2617.94376373291,7,3,13
0.1902,5668781,0.5073396609811726,2620.9380626678467,7,3,14
0.1918,5675415,0.5104157161617685,2617.225408554077,7,3,15
0.1934,5656379,0.5126475643954672,2619.1327571868896,7,3,16
0.1865,5678631,0.503864954062108,2618.8061237335205,7,3,17
0.1982,5641147,0.5149915346411568,2620.450735092163,7,3,18
0.1986,5649680,0.5185217438758664,2619.344472885132,7,3,19
0.1916,5668026,0.5128302206130645,2620.9933757781982,7,3,20
0.1925,5671408,0.5043721205654244,2618.48783493042,7,3,21
0.1894,5660413,0.5053441398090585,2617.919445037842,7,3,22
0.1963,5652257,0.5182895335590302,2619.807243347168,7,3,23
0.189,5669314,0.5015704770059815,2618.447780609131,7,3,24
0.1901,5664931,0.510172809710765,2618.5920238494873,7,3,25
0.1907,5668401,0.5027661747102514,2620.0406551361084,7,3,26
0.1959,5643690,0.5111360758002612,2617.370843887329,7,3,27
0.1916,5665407,0.5084713701622894,2616.525411605835,7,3,28
0.1915,5654912,0.5063681895099077,2617.971420288086,7,3,29
0.1241,3170420,0.40093698076629875,2448.2457637786865,7,4,0
0.1244,3160673,0.39989621954272636,2446.9730854034424,7,4,1
0.1234,3163810,0.40330246934438535,2448.0600357055664,7,4,2
0.1277,3158239,0.4137330998315525,2448.0292797088623,7,4,3
0.1251,3166714,0.4082458334699966,2449.5604038238525,7,4,4
0.1265,3160094,0.40893259299967155,2447.394609451294,7,4,5
0.1323,3142967,0.41033234131388835,2446.751832962036,7,4,6
0.1194,3179586,0.3976219262687767,2449.096202850342,7,4,7
0.1285,3163032,0.40693736864375324,2447.307586669922,7,4,8
0.1238,3165130,0.39894746020017746,2447.4942684173584,7,4,9
0.1261,3162424,0.4027532297841753,2446.4290142059326,7,4,10
0.1235,3171177,0.39707441668183113,2448.1821060180664,7,4,11
0.1251,3169275,0.4030346988385888,2448.761463165283,7,4,12
0.1285,3152899,0.40576382264466165,2451.0884284973145,7,4,13
0.1256,3161400,0.3979230227785464,2449.9921798706055,7,4,14
0.1239,3173314,0.39751493593675125,2447.054624557495,7,4,15
0.1221,3171367,0.4011817567528167,2449.028253555298,7,4,16
0.1321,3161563,0.4125133249892423,2447.3907947540283,7,4,17
0.1245,3166046,0.3978085098019846,2446.6590881347656,7,4,18
0.1281,3164199,0.39982243377474624,2448.1382369995117,7,4,19
0.1242,3166208,0.40009868215897626,2450.230598449707,7,4,20
0.1366,3145254,0.42155961069149755,2449.25856590271,7,4,21
0.1276,3160797,0.406071014550954,2448.550224304199,7,4,22
0.1258,3157485,0.4038457364919455,2448.1468200683594,7,4,23
0.131,3152800,0.41369867294030666,2446.1405277252197,7,4,24
0.1226,3173578,0.39999901828148754,2449.256181716919,7,4,25
0.1225,3171785,0.39733746693809596,2449.535131454468,7,4,26
0.1325,3151272,0.4161449308539641,2448.5719203948975,7,4,27
0.1254,3164619,0.40023376165869384,2448.1985569000244,7,4,28
0.1285,3161328,0.4121850045400124,2448.3957290649414,7,4,29
0.0773,1256262,0.34184887381600704,2218.2044982910156,7,5,0
0.0802,1253322,0.3333586159711276,2216.702938079834,7,5,1
0.0846,1248522,0.34527187868645925,2219.278573989868,7,5,2
0.0793,1254129,0.33530051983145903,2217.7138328552246,7,5,3
0.0751,1256468,0.32943079303566075,2216.155529022217,7,5,4
0.0754,1253167,0.32801845757731024,2217.16046333313,7,5,5
0.0767,1252779,0.3328014320184109,2215.705156326294,7,5,6
0.0762,1258201,0.3344312974126193,2219.9788093566895,7,5,7
0.0788,1255812,0.3332127087755567,2218.046188354492,7,5,8
0.0758,1256283,0.33086163746556063,2217.4060344696045,7,5,9
0.0758,1256998,0.3297129213294751,2219.3703651428223,7,5,10
0.0792,1259160,0.3341239834207294,2219.7089195251465,7,5,11
0.0795,1254790,0.3395198293887991,2218.224048614502,7,5,12
0.0757,1256308,0.32904577504453575,2218.230724334717,7,5,13
0.0775,1256049,0.334280023649916,2218.7650203704834,7,5,14
0.0703,1261095,0.3241364094039603,2218.8079357147217,7,5,15
0.0822,1249991,0.34834146442350067,2221.1623191833496,7,5,16
0.08,1255026,0.33758600783370446,2220.2208042144775,7,5,17
0.0778,1256169,0.33165916242822574,2217.1711921691895,7,5,18
0.0833,1250199,0.33873765424879526,2216.684341430664,7,5,19
0.0781,1253864,0.3334273532896916,2217.2155380249023,7,5,20
0.0815,1256887,0.34108452138164996,2217.7679538726807,7,5,21
0.0726,1261070,0.32140867966508524,2215.1994705200195,7,5,22
0.0773,1256939,0.3361829252377927,2216.6640758514404,7,5,23
0.0838,1252732,0.3415042347057306,2218.0721759796143,7,5,24
0.0767,1254523,0.33555100367181,2220.815420150757,7,5,25
0.0751,1262500,0.3352526512285703,2220.4272747039795,7,5,26
0.0814,1255694,0.33965046140385563,2221.1761474609375,7,5,27
0.0779,1257208,0.33273282517843883,2222.114324569702,7,5,28
0.0833,1253090,0.3454832101779114,2219.752788543701,7,5,29
0.2677,8582253,0.6416037479104133,2862.2753620147705,10,1,0
0.278,8507565,0.6495340011695011,2858.2348823547363,10,1,1
0.274,8525727,0.6327088338015703,2858.304023742676,10,1,2
0.2711,8539138,0.627861102597804,2856.1346530914307,10,1,3
0.2761,8523562,0.6362878515424826,2860.248804092407,10,1,4
0.2686,8557084,0.6424734433128683,2860.428810119629,10,1,5
0.2818,8472472,0.6488264608605876,2859.4651222229004,10,1,6
0.2732,8520639,0.644746962746097,2864.3999099731445,10,1,7
0.2786,8493335,0.6559378775206486,2862.179756164551,10,1,8
0.2694,8529585,0.6319166116598571,2857.7940464019775,10,1,9
0.2762,8523849,0.632942853800644,2858.2284450531006,10,1,10
0.2768,8503961,0.6508724452559658,2858.179807662964,10,1,11
0.2771,8496239,0.6439501025528228,2856.874704360962,10,1,12
0.2727,8545274,0.6405296643259296,2858.9820861816406,10,1,13
0.2757,8528750,0.6397866851341137,2860.417127609253,10,1,14
0.269,8552739,0.6424055597574765,2858.1864833831787,10,1,15
0.2712,8521241,0.6378425056226195,2857.8267097473145,10,1,16
0.2655,8560133,0.6221827696112101,2857.896327972412,10,1,17
0.276,8492323,0.644288081376518,2856.1108112335205,10,1,18
0.2759,8539932,0.6404654586199855,2858.966112136841,10,1,19
0.27,8570976,0.6301504407439922,2862.0095252990723,10,1,20
0.2726,8557966,0.6277917003763576,2856.6579818725586,10,1,21
0.2737,8541288,0.6478370974477627,2859.358549118042,10,1,22
0.2685,8543928,0.635978217355406,2862.637996673584,10,1,23
0.2725,8557158,0.6315260848898657,2859.9441051483154,10,1,24
0.2666,8572521,0.6321756166154769,2861.5527153015137,10,1,25
0.2679,8537619,0.6337146284173728,2859.3530654907227,10,1,26
0.273,8545680,0.6379379776406348,2855.0102710723877,10,1,27
0.2725,8534753,0.639814703775785,2857.6035499572754,10,1,28
0.2716,8553813,0.6449467562555491,2861.741781234741,10,1,29
0.2653,8309997,0.636895674694871,2847.3258018493652,10,2,0
0.2682,8278464,0.6302429659264848,2847.5451469421387,10,2,1
0.2629,8314247,0.6131121816106444,2844.1741466522217,10,2,2
0.2593,8332853,0.614666656822156,2847.1693992614746,10,2,3
0.2683,8295938,0.6301305041741248,2850.6600856781006,10,2,4
0.2549,8344117,0.6105283526869357,2851.1109352111816,10,2,5
0.2729,8236116,0.6373308510567566,2849.235773086548,10,2,6
0.2631,8308909,0.6313055136478845,2848.886013031006,10,2,7
0.27,8262975,0.6353925360095614,2847.6414680480957,10,2,8
0.2642,8289981,0.6282838092491063,2846.0896015167236,10,2,9
0.2645,8309522,0.6243573154218724,2843.4929847717285,10,2,10
0.2644,8307080,0.6316726063160981,2851.026773452759,10,2,11
0.269,8267863,0.6317802493794881,2850.459337234497,10,2,12
0.2653,8292153,0.6385507668661683,2849.334955215454,10,2,13
0.2676,8295848,0.6308779160058469,2850.1956462860107,10,2,14
0.2621,8314368,0.6288340007801669,2851.4404296875,10,2,15
0.2673,8280459,0.6343928956068953,2852.8892993927,10,2,16
0.2648,8292798,0.6271293611771134,2854.428768157959,10,2,17
0.2681,8267803,0.6295094837922608,2846.9631671905518,10,2,18
0.2733,8260738,0.638358335877374,2847.0609188079834,10,2,19
0.2621,8340857,0.614208666726629,2848.7279415130615,10,2,20
0.266,8315492,0.6292619476538355,2845.7443714141846,10,2,21
0.2658,8287214,0.6329636310774902,2845.9410667419434,10,2,22
0.2689,8271035,0.6347409775951283,2848.7541675567627,10,2,23
0.2672,8305343,0.6313663376348533,2849.933385848999,10,2,24
0.2608,8342979,0.6228810062913562,2851.4015674591064,10,2,25
0.2644,8301432,0.6302885589210243,2852.9109954833984,10,2,26
0.2655,8299524,0.6291992875202417,2848.8759994506836,10,2,27
0.2636,8294350,0.6299833630998068,2847.989559173584,10,2,28
0.2595,8327792,0.624071412746495,2851.224899291992,10,2,29
0.241,7564752,0.5935643880579736,2814.2006397247314,10,3,0
0.2492,7495337,0.5973050329702222,2814.846992492676,10,3,1
0.2427,7533610,0.5864917242059315,2813.849687576294,10,3,2
0.2429,7548227,0.5884764750458712,2811.598300933838,10,3,3
0.2479,7525191,0.592547171170683,2811.0485076904297,10,3,4
0.2329,7589518,0.5766771838559265,2814.0909671783447,10,3,5
0.2456,7512623,0.5888423688923629,2811.011791229248,10,3,6
0.2431,7536816,0.5985055907488123,2814.488172531128,10,3,7
0.2431,7542765,0.5911656750992093,2809.483766555786,10,3,8
0.2435,7529259,0.5919646810976437,2810.7192516326904,10,3,9
0.2456,7532181,0.5884168263347269,2812.108278274536,10,3,10
0.2467,7516752,0.6031455879217658,2814.356565475464,10,3,11
0.2502,7514550,0.5984775389088142,2812.420129776001,10,3,12
0.2485,7515354,0.6009405540095847,2813.695192337036,10,3,13
0.2467,7515381,0.5971384784379373,2811.012029647827,10,3,14
0.2422,7556203,0.5924560802481807,2808.539867401123,10,3,15
0.2356,7563302,0.5795580827734232,2812.6614093780518,10,3,16
0.2466,7520739,0.5922516317165467,2813.235282897949,10,3,17
0.2461,7507199,0.5919308350657561,2809.7431659698486,10,3,18
0.2513,7515315,0.605715642140793,2813.7612342834473,10,3,19
0.2425,7567923,0.5862310445966319,2814.321279525757,10,3,20
0.2443,7536052,0.599574486054855,2813.7869834899902,10,3,21
0.246,7514534,0.5987186962748139,2814.8508071899414,10,3,22
0.2475,7521151,0.5995520304877896,2814.2244815826416,10,3,23
0.2438,7560539,0.584530405329749,2813.746452331543,10,3,24
0.242,7562081,0.5924596262091438,2814.4919872283936,10,3,25
0.2426,7536737,0.5918442622301385,2816.1232471466064,10,3,26
0.2463,7538451,0.5944726731848694,2814.333438873291,10,3,27
0.2336,7587803,0.5749871951993608,2812.511682510376,10,3,28
0.2385,7552876,0.5852577831749667,2819.0314769744873,10,3,29
0.2042,6018046,0.529327790808743,2736.8342876434326,10,4,0
0.2042,5992709,0.5250858726900672,2733.349084854126,10,4,1
0.2046,6005681,0.5283699495368154,2730.7777404785156,10,4,2
0.2005,6014236,0.5201441171303276,2731.5657138824463,10,4,3
0.2028,6020177,0.5237484946992529,2734.0738773345947,10,4,4
0.1977,6020103,0.5227660333721278,2731.4529418945312,10,4,5
0.2086,5976526,0.5273154489392077,2731.783628463745,10,4,6
0.2049,6000947,0.5340234715214911,2732.473850250244,10,4,7
0.2051,5992983,0.5297100579685784,2730.036497116089,10,4,8
0.1996,6006633,0.5214876377888873,2729.435443878174,10,4,9
0.2063,5987767,0.5268558665317179,2735.921859741211,10,4,10
0.2035,6009095,0.531193661869029,2735.3711128234863,10,4,11
0.2043,6000270,0.5280134574208996,2735.6252670288086,10,4,12
0.2029,6006538,0.5302359293665586,2737.1201515197754,10,4,13
0.2038,6006403,0.5258895076978665,2740.189552307129,10,4,14
0.2022,6018761,0.5339758860063119,2734.4577312469482,10,4,15
0.2054,5989126,0.5258025178348023,2735.112428665161,10,4,16
0.2075,6003391,0.531642348084746,2738.3861541748047,10,4,17
0.2077,5970927,0.5335300829537148,2734.6816062927246,10,4,18
0.207,5986139,0.5257448763128943,2740.7071590423584,10,4,19
0.2021,6011401,0.5294909131916163,2742.785692214966,10,4,20
0.2012,6024865,0.5158606579836175,2735.4736328125,10,4,21
0.2025,6000847,0.5269747419488363,2736.1502647399902,10,4,22
0.2023,5997274,0.5318326861937609,2736.4988327026367,10,4,23
0.204,6004857,0.5282325794311907,2737.900495529175,10,4,24
0.1949,6030309,0.521269804296849,2740.3643131256104,10,4,25
0.1984,6007599,0.5235668012045679,2736.0546588897705,10,4,26
0.2086,5990093,0.5375258367927135,2734.14945602417,10,4,27
0.2029,6007686,0.5322234387058123,2736.628532409668,10,4,28
0.2051,5991642,0.5252360112518385,2733.7231636047363,10,4,29
0.1449,3952125,0.4384433169104029,2609.2424392700195,10,5,0
0.1448,3929437,0.4311994802065502,2611.619710922241,10,5,1
0.1439,3927349,0.4326083601162362,2611.706495285034,10,5,2
0.1456,3934792,0.4312632560512099,2608.3672046661377,10,5,3
0.1501,3924205,0.4324338089775186,2615.112066268921,10,5,4
0.1435,3934787,0.43353845643796285,2614.5124435424805,10,5,5
0.1511,3913581,0.443776852301333,2610.689163208008,10,5,6
0.1415,3950081,0.4291639650772865,2611.6976737976074,10,5,7
0.1459,3934067,0.4329834337697167,2611.6421222686768,10,5,8
0.1443,3930341,0.4358570219392857,2609.4040870666504,10,5,9
0.1465,3935798,0.4354487539195872,2611.769199371338,10,5,10
0.1478,3941122,0.44028096542262773,2614.56298828125,10,5,11
0.1495,3932361,0.43846305902248567,2613.572120666504,10,5,12
0.1469,3925680,0.43507652017865983,2612.377405166626,10,5,13
0.1508,3918738,0.44294000818103213,2614.0527725219727,10,5,14
0.1453,3935279,0.4397550617761135,2610.612154006958,10,5,15
0.144,3940726,0.4293364347573824,2611.886739730835,10,5,16
0.1511,3927986,0.44260026780567496,2612.2703552246094,10,5,17
0.1487,3926851,0.43892471563184315,2614.1698360443115,10,5,18
0.1427,3946131,0.4298193931378546,2613.8291358947754,10,5,19
0.1428,3945296,0.43113223750271706,2617.300271987915,10,5,20
0.1478,3946453,0.43980047714526643,2614.434003829956,10,5,21
0.1452,3933113,0.43026513787709464,2614.149808883667,10,5,22
0.148,3919935,0.43660040793160476,2614.398956298828,10,5,23
0.1496,3921011,0.4395721910665609,2614.9871349334717,10,5,24
0.1438,3932508,0.43385346249380075,2615.1998043060303,10,5,25
0.1418,3945554,0.42228899599226205,2615.262031555176,10,5,26
0.1545,3914422,0.44869698855843115,2612.9117012023926,10,5,27
0.1403,3948512,0.4227628998199387,2614.7642135620117,10,5,28
0.1406,3942388,0.42732936498929175,2612.700939178467,10,5,29
