failure_rate,correction_budget,final_instability,latency_ms,noise,window,min_hits,seed
0.0622,194525,0.3346889788681666,1925.544261932373,0.0,3,3,0
0.0614,194360,0.3389768870259503,1924.4635105133057,0.0,3,3,1
0.061,194701,0.33551091456033,1924.0918159484863,0.0,3,3,2
0.0633,193174,0.3445539727834255,1924.978494644165,0.0,3,3,3
0.0609,193926,0.3376207888765539,1923.3770370483398,0.0,3,3,4
0.0626,191867,0.3385935952670043,1923.3286380767822,0.0,3,3,5
0.0641,195095,0.33958828997345064,1925.3838062286377,0.0,3,3,6
0.058,194042,0.3294287250149605,1921.8814373016357,0.0,3,3,7
0.0629,193633,0.33966321636782715,1922.0716953277588,0.0,3,3,8
0.0652,193343,0.3431950183837848,1924.3597984313965,0.0,3,3,9
0.0678,193745,0.3393975828038681,1924.2329597473145,0.0,3,3,10
0.0638,192690,0.345679135698919,1925.2405166625977,0.0,3,3,11
0.0634,194720,0.33685566097513786,1923.701524734497,0.0,3,3,12
0.062,194149,0.3412150237871941,1924.1433143615723,0.0,3,3,13
0.0612,195257,0.33506204455673416,1923.171043395996,0.0,3,3,14
0.0615,191556,0.33666602434008197,1923.5670566558838,0.0,3,3,15
0.0604,192978,0.33639774289933255,1923.7682819366455,0.0,3,3,16
0.0672,195418,0.3456837386325622,1925.2517223358154,0.0,3,3,17
0.064,195206,0.3372367905464436,1924.5803356170654,0.0,3,3,18
0.0663,192933,0.34328221276563636,1924.8244762420654,0.0,3,3,19
0.0612,195177,0.3393583762239186,1923.978567123413,0.0,3,3,20
0.0638,195065,0.34140085437208456,1925.3957271575928,0.0,3,3,21
0.0667,196051,0.34515924486473926,1924.229621887207,0.0,3,3,22
0.0649,195137,0.3401907159360663,1924.443006515503,0.0,3,3,23
0.0624,195348,0.3308121375326646,1924.734354019165,0.0,3,3,24
0.0628,194541,0.34285739435321266,1925.0993728637695,0.0,3,3,25
0.0613,195322,0.3340785714512977,1924.0028858184814,0.0,3,3,26
0.0636,195821,0.34002441184072085,1924.4499206542969,0.0,3,3,27
0.0631,193968,0.34083383197900435,1923.708200454712,0.0,3,3,28
0.063,194440,0.3400999517856364,1924.0922927856445,0.0,3,3,29
0.0547,213873,0.31599715011786883,1991.2807941436768,0.0,5,4,0
0.0589,215046,0.323823116714839,1992.0034408569336,0.0,5,4,1
0.0592,214729,0.3236313046732777,1992.8231239318848,0.0,5,4,2
0.0547,213065,0.32004004808768,1992.6633834838867,0.0,5,4,3
0.0555,212229,0.3194958356714295,1990.835189819336,0.0,5,4,4
0.0557,213542,0.3214667637531084,1991.7502403259277,0.0,5,4,5
0.058,214908,0.32229118275079244,1993.5259819030762,0.0,5,4,6
0.0534,211987,0.3118478069925595,1991.868495941162,0.0,5,4,7
0.0544,216547,0.3198971302372182,1992.1660423278809,0.0,5,4,8
0.0593,214479,0.3294543465654524,1993.354320526123,0.0,5,4,9
0.0571,215813,0.31845980779994637,1993.1526184082031,0.0,5,4,10
0.0552,212891,0.32188499710890817,1992.2666549682617,0.0,5,4,11
0.055,215473,0.3179847097296728,1991.4348125457764,0.0,5,4,12
0.05,217156,0.3157497411992283,1992.0299053192139,0.0,5,4,13
0.055,215094,0.3152331111344999,1992.2473430633545,0.0,5,4,14
0.0567,212331,0.3205684069011556,1992.3956394195557,0.0,5,4,15
0.0592,214527,0.3242101089035355,1992.0616149902344,0.0,5,4,16
0.0601,216089,0.3284825685667487,1992.8538799285889,0.0,5,4,17
0.0555,214698,0.3205977817772548,1992.6795959472656,0.0,5,4,18
0.0576,212813,0.32785330849430594,1991.7335510253906,0.0,5,4,19
0.0566,213603,0.32007312778824937,1990.1912212371826,0.0,5,4,20
0.0584,216294,0.3241649326739649,1992.5570487976074,0.0,5,4,21
0.0581,216600,0.3293699665940653,1992.579460144043,0.0,5,4,22
0.0578,215632,0.31958779692362815,1992.8128719329834,0.0,5,4,23
0.0569,214500,0.31278205132723325,1991.8897151947021,0.0,5,4,24
0.0565,214095,0.32232213522671466,1991.927146911621,0.0,5,4,25
0.0557,215028,0.3257450292955588,1990.8161163330078,0.0,5,4,26
0.0579,215036,0.3234928456580925,1989.9098873138428,0.0,5,4,27
0.0597,215034,0.3278721995259548,1991.1205768585205,0.0,5,4,28
0.0577,213356,0.3248162542086608,1992.5084114074707,0.0,5,4,29
0.0805,176711,0.3753511516965953,1989.943265914917,0.0,5,5,0
0.0802,176822,0.38481177435911407,1990.3030395507812,0.0,5,5,1
0.0821,177410,0.38847087562860133,1991.2364482879639,0.0,5,5,2
0.0827,175479,0.3881533491014251,1990.3156757354736,0.0,5,5,3
0.0787,174729,0.3851062741506506,1989.556074142456,0.0,5,5,4
0.0788,175295,0.38148569741419636,1989.194631576538,0.0,5,5,5
0.0796,177103,0.38184336113139944,1989.6554946899414,0.0,5,5,6
0.0768,175673,0.37626025232125393,1990.6620979309082,0.0,5,5,7
0.0855,175866,0.3881189186127345,1992.138385772705,0.0,5,5,8
0.0805,177553,0.3841150582360401,1990.2763366699219,0.0,5,5,9
0.0863,176304,0.38684171959962377,1991.2149906158447,0.0,5,5,10
0.0873,175979,0.3890675978679988,1990.8177852630615,0.0,5,5,11
0.0809,176710,0.382651137963502,1989.7172451019287,0.0,5,5,12
0.0835,175811,0.392417071075962,1991.1036491394043,0.0,5,5,13
0.0804,176981,0.37891726871811304,1990.912675857544,0.0,5,5,14
0.0766,176643,0.3800232821098595,1989.4483089447021,0.0,5,5,15
0.0835,177107,0.3867440515300481,1990.724802017212,0.0,5,5,16
0.0848,178134,0.395107463533286,1992.3884868621826,0.0,5,5,17
0.0774,178734,0.37880371729514084,1990.7245635986328,0.0,5,5,18
0.0781,175694,0.3807972362015209,1990.0109767913818,0.0,5,5,19
0.085,175514,0.3876257852754954,1991.8291568756104,0.0,5,5,20
0.0828,177388,0.38972046454186315,1990.199327468872,0.0,5,5,21
0.0852,176688,0.389697692297317,1990.5381202697754,0.0,5,5,22
0.0855,176426,0.3874679830052554,1991.650104522705,0.0,5,5,23
0.0806,176665,0.3827345005347557,1992.1753406524658,0.0,5,5,24
0.0802,176962,0.3869818231424469,1991.8475151062012,0.0,5,5,25
0.0796,176804,0.3830769521033847,1991.5387630462646,0.0,5,5,26
0.0827,177473,0.3848916634945324,1992.1627044677734,0.0,5,5,27
0.084,175187,0.3935449260489321,1991.7426109313965,0.0,5,5,28
0.0803,177050,0.38317387246073703,1990.5595779418945,0.0,5,5,29
0.0535,230931,0.3136512844773054,2064.4800662994385,0.0,7,5,0
0.0575,231267,0.3192486215048804,2066.256523132324,0.0,7,5,1
0.0563,233389,0.3197365300896743,2064.9077892303467,0.0,7,5,2
0.0521,229221,0.3160346280467299,2063.1234645843506,0.0,7,5,3
0.0547,229668,0.3160886092195021,2063.469648361206,0.0,7,5,4
0.0541,231239,0.31482178289046087,2064.4216537475586,0.0,7,5,5
0.0558,232253,0.31538013029219836,2064.626693725586,0.0,7,5,6
0.0551,229958,0.3079200924098727,2063.8649463653564,0.0,7,5,7
0.0534,231583,0.31655959501146697,2064.20636177063,0.0,7,5,8
0.0569,231831,0.32257627585489185,2063.511848449707,0.0,7,5,9
0.055,231325,0.3120724925984978,2063.650608062744,0.0,7,5,10
0.055,230273,0.31833280193847074,2062.385320663452,0.0,7,5,11
0.0555,232976,0.3160301992288908,2064.323902130127,0.0,7,5,12
0.0526,232372,0.31702637270487066,2061.863899230957,0.0,7,5,13
0.0554,232201,0.31258522640813224,2063.523292541504,0.0,7,5,14
0.0532,230004,0.3153558184201758,2063.0531311035156,0.0,7,5,15
0.0563,231268,0.3212343410392155,2063.4074211120605,0.0,7,5,16
0.0561,234691,0.31416186960870535,2064.011335372925,0.0,7,5,17
0.0521,232413,0.30876320820432335,2062.5674724578857,0.0,7,5,18
0.0533,228948,0.31492097068227043,2062.5593662261963,0.0,7,5,19
0.0518,231811,0.3137586052127548,2062.7281665802,0.0,7,5,20
0.0588,232031,0.31981755081969165,2063.7049674987793,0.0,7,5,21
0.0545,232822,0.3139369883427047,2062.7434253692627,0.0,7,5,22
0.0561,231972,0.31267667776137953,2063.239574432373,0.0,7,5,23
0.0553,232093,0.31001717633215403,2063.9476776123047,0.0,7,5,24
0.0505,231014,0.3157698192338703,2063.4400844573975,0.0,7,5,25
0.0526,233377,0.31929379297750654,2064.3956661224365,0.0,7,5,26
0.0561,232079,0.31892128450754936,2064.0506744384766,0.0,7,5,27
0.0544,231820,0.3118237180910571,2062.053442001343,0.0,7,5,28
0.0574,230378,0.31811171835946556,2063.5581016540527,0.0,7,5,29
0.0647,342420,0.33032622121443855,1947.1354484558105,0.3,3,3,0
0.0664,341517,0.33740433528137564,1946.9883441925049,0.3,3,3,1
0.0674,341919,0.3336062881299745,1947.7975368499756,0.3,3,3,2
0.0646,340411,0.33900071419515165,1947.4365711212158,0.3,3,3,3
0.0651,340022,0.3367806841926439,1947.340965270996,0.3,3,3,4
0.0647,340350,0.33608524986994764,1946.8703269958496,0.3,3,3,5
0.0657,340002,0.33291108338891684,1947.6525783538818,0.3,3,3,6
0.0625,341888,0.33061519746473955,1956.4964771270752,0.3,3,3,7
0.0661,340980,0.3372870771169606,1944.5054531097412,0.3,3,3,8
0.0674,340801,0.3362595557499948,1945.8556175231934,0.3,3,3,9
0.0647,340872,0.32998804621866523,1945.1375007629395,0.3,3,3,10
0.0657,339886,0.3339272813596216,1944.244146347046,0.3,3,3,11
0.0706,341291,0.338453739808255,1946.791648864746,0.3,3,3,12
0.0638,340890,0.3310459201042225,1945.812702178955,0.3,3,3,13
0.0626,343215,0.3289570036788557,1945.4412460327148,0.3,3,3,14
0.0639,338372,0.32903672145478613,1945.4231262207031,0.3,3,3,15
0.064,340538,0.331607036788713,1946.3672637939453,0.3,3,3,16
0.0679,342767,0.3386345202923484,1945.9359645843506,0.3,3,3,17
0.0641,341553,0.32845072063354963,1944.9892044067383,0.3,3,3,18
0.0641,339787,0.3284942553823791,1944.8816776275635,0.3,3,3,19
0.0649,340926,0.329675773183805,1946.0065364837646,0.3,3,3,20
0.0687,340771,0.34040709004564423,1946.8276500701904,0.3,3,3,21
0.0696,341395,0.3406251443509695,1947.289228439331,0.3,3,3,22
0.0659,341178,0.3327321602559781,1944.307565689087,0.3,3,3,23
0.0649,341045,0.3286052519406998,1944.5223808288574,0.3,3,3,24
0.0677,340588,0.3390499941646018,1947.3679065704346,0.3,3,3,25
0.0673,341030,0.3368543436620439,1945.359468460083,0.3,3,3,26
0.0645,341213,0.3315904682256282,1944.944143295288,0.3,3,3,27
0.0665,339565,0.3365920175765839,1945.2881813049316,0.3,3,3,28
0.0644,339893,0.33056178645189943,1943.9399242401123,0.3,3,3,29
0.0651,369516,0.32663637055978506,2016.1421298980713,0.3,5,4,0
0.062,369720,0.31973764787730935,2014.169692993164,0.3,5,4,1
0.0632,369664,0.3194730047768836,2013.742446899414,0.3,5,4,2
0.0561,368743,0.31463010983262113,2012.5341415405273,0.3,5,4,3
0.0567,367675,0.31438217821606956,2013.690710067749,0.3,5,4,4
0.0576,367983,0.3165146144029355,2012.0933055877686,0.3,5,4,5
0.0588,369275,0.31133617375873257,2014.6129131317139,0.3,5,4,6
0.0566,368555,0.30990841646681794,2012.9549503326416,0.3,5,4,7
0.0565,371275,0.3090013288240618,2013.3702754974365,0.3,5,4,8
0.0569,368763,0.3139317160262939,2014.0485763549805,0.3,5,4,9
0.0555,370159,0.31074124061755176,2013.5242938995361,0.3,5,4,10
0.0592,367548,0.3187693953413686,2014.1549110412598,0.3,5,4,11
0.0605,369425,0.31610719689205174,2014.8441791534424,0.3,5,4,12
0.0574,369797,0.3174729112670865,2014.711856842041,0.3,5,4,13
0.0585,369972,0.31530073630247235,2014.6770477294922,0.3,5,4,14
0.0562,369508,0.3155803303792982,2013.8177871704102,0.3,5,4,15
0.0572,369310,0.3169760460977005,2013.589859008789,0.3,5,4,16
0.0616,372206,0.31796974903271513,2014.2388343811035,0.3,5,4,17
0.0563,368988,0.308622459103272,2012.5772953033447,0.3,5,4,18
0.0628,366208,0.32019849956334906,2012.2990608215332,0.3,5,4,19
0.0598,369728,0.3156181316150005,2013.3979320526123,0.3,5,4,20
0.0614,368642,0.320860332972297,2013.6480331420898,0.3,5,4,21
0.0619,371391,0.3161770469199023,2013.5362148284912,0.3,5,4,22
0.0589,370257,0.3137723317861989,2013.3090019226074,0.3,5,4,23
0.0572,370908,0.3043833630803997,2012.2132301330566,0.3,5,4,24
0.0567,370068,0.3150273479793681,2012.922763824463,0.3,5,4,25
0.0579,371055,0.3148771417276382,2012.2692584991455,0.3,5,4,26
0.0591,369085,0.317163299511922,2012.9399299621582,0.3,5,4,27
0.06,367700,0.3159745336304818,2013.019323348999,0.3,5,4,28
0.0599,367048,0.32199696388084237,2013.0109786987305,0.3,5,4,29
0.078,194145,0.3712390707167885,1987.5786304473877,0.3,5,5,0
0.0789,194227,0.38185768392881614,1988.8215065002441,0.3,5,5,1
0.0814,194843,0.380634354191878,1989.367961883545,0.3,5,5,2
0.0781,193602,0.379116716365942,1987.8969192504883,0.3,5,5,3
0.0785,193032,0.3808848532855836,1989.363431930542,0.3,5,5,4
0.0774,192919,0.3748371692425249,1988.6095523834229,0.3,5,5,5
0.0792,196172,0.37642474828875067,1988.6257648468018,0.3,5,5,6
0.0797,195489,0.3750036435167856,1988.6279106140137,0.3,5,5,7
0.0827,194005,0.385169785349752,1988.5280132293701,0.3,5,5,8
0.0788,195997,0.3759166217554819,1988.2819652557373,0.3,5,5,9
0.0856,193900,0.38345219658000507,1988.2493019104004,0.3,5,5,10
0.0859,194405,0.3851179945979382,1988.9435768127441,0.3,5,5,11
0.08,194637,0.3736768285408361,1988.0938529968262,0.3,5,5,12
0.0813,194191,0.38150414849233427,1989.5291328430176,0.3,5,5,13
0.083,195105,0.3779211126894909,1989.464521408081,0.3,5,5,14
0.0745,194810,0.37057493172006867,1987.5164031982422,0.3,5,5,15
0.0824,195056,0.3775500720495108,1988.5833263397217,0.3,5,5,16
0.0828,195538,0.3865134597638545,1989.7270202636719,0.3,5,5,17
0.0779,196194,0.3749751952757736,1987.9274368286133,0.3,5,5,18
0.0777,193776,0.3764153640566203,1988.051414489746,0.3,5,5,19
0.0843,193574,0.37959429390788957,1988.9552593231201,0.3,5,5,20
0.0835,194966,0.3873447322851054,1987.0710372924805,0.3,5,5,21
0.0856,194208,0.3849777254700797,1989.0518188476562,0.3,5,5,22
0.0802,194955,0.375166560278422,1988.50679397583,0.3,5,5,23
0.0792,193617,0.37900470305408845,1989.0568256378174,0.3,5,5,24
0.0803,195064,0.380819602105284,1990.1196956634521,0.3,5,5,25
0.0772,194366,0.3728555622874239,1987.1900081634521,0.3,5,5,26
0.0829,196110,0.3809617134071096,1989.4382953643799,0.3,5,5,27
0.0865,193227,0.3908413096344236,1990.959644317627,0.3,5,5,28
0.079,194620,0.37519663188841634,1989.5179271697998,0.3,5,5,29
0.0537,372385,0.3066265413804326,2081.9942951202393,0.3,7,5,0
0.0609,371446,0.3173118000124443,2081.271171569824,0.3,7,5,1
0.06,370743,0.3136032199312005,2082.0868015289307,0.3,7,5,2
0.0516,368963,0.30342202293322135,2080.90877532959,0.3,7,5,3
0.0557,368071,0.3088396943977288,2081.4568996429443,0.3,7,5,4
0.0567,367761,0.3102214780166041,2081.9809436798096,0.3,7,5,5
0.0538,369125,0.3015622603164183,2081.204652786255,0.3,7,5,6
0.0542,368691,0.30535717842244603,2080.3141593933105,0.3,7,5,7
0.0544,371539,0.31061870308271733,2081.815242767334,0.3,7,5,8
0.0559,371262,0.3094206891946087,2081.74467086792,0.3,7,5,9
0.0562,370666,0.30521603287145643,2082.150459289551,0.3,7,5,10
0.0529,372295,0.30344620311834797,2081.5718173980713,0.3,7,5,11
0.0578,370031,0.31553265292180077,2083.5628509521484,0.3,7,5,12
0.0563,368226,0.30819249622137995,2081.101894378662,0.3,7,5,13
0.0565,370606,0.3096830307092209,2081.8755626678467,0.3,7,5,14
0.057,368748,0.3128594327862161,2081.413745880127,0.3,7,5,15
0.0562,371870,0.3116382851920013,2081.256151199341,0.3,7,5,16
0.0572,372171,0.3045567561352161,2081.7718505859375,0.3,7,5,17
0.0534,372129,0.30436092894253836,2081.9661617279053,0.3,7,5,18
0.0552,369612,0.3084258578935589,2081.2342166900635,0.3,7,5,19
0.0535,370517,0.3048852396095085,2080.476760864258,0.3,7,5,20
0.0561,367713,0.30601950771813247,2079.782485961914,0.3,7,5,21
0.0582,369770,0.31289143673098524,2080.702304840088,0.3,7,5,22
0.058,369103,0.3097864174152177,2081.28023147583,0.3,7,5,23
0.0586,369383,0.3106793927803936,2083.70304107666,0.3,7,5,24
0.0525,372432,0.3061396700731473,2081.7136764526367,0.3,7,5,25
0.0559,371939,0.31191383857349864,2082.761526107788,0.3,7,5,26
0.054,370746,0.3078981824285054,2081.409215927124,0.3,7,5,27
0.057,371083,0.3087382329965696,2080.9242725372314,0.3,7,5,28
0.0549,369438,0.30664637287618557,2080.9543132781982,0.3,7,5,29
0.0813,844217,0.3482610547727198,2014.3911838531494,0.5,3,3,0
0.0781,840985,0.34754999594241415,2012.8445625305176,0.5,3,3,1
0.0849,840439,0.35861076497335626,2014.1799449920654,0.5,3,3,2
0.0765,843844,0.34603638310892737,2014.3535137176514,0.5,3,3,3
0.0808,839712,0.352017875290344,2014.2035484313965,0.5,3,3,4
0.0781,840543,0.3470005536331886,2014.3280029296875,0.5,3,3,5
0.0825,838754,0.35284052835215796,2012.9854679107666,0.5,3,3,6
0.0784,841466,0.347505823108599,2012.0222568511963,0.5,3,3,7
0.0805,842589,0.35102750988088527,2012.514591217041,0.5,3,3,8
0.0767,843379,0.3441704289514855,2012.2768878936768,0.5,3,3,9
0.0827,839352,0.347844325807943,2014.9965286254883,0.5,3,3,10
0.077,841413,0.3390093573866377,2012.7620697021484,0.5,3,3,11
0.0798,841423,0.34646491586221484,2012.9010677337646,0.5,3,3,12
0.0781,843051,0.3484341729654173,2014.3694877624512,0.5,3,3,13
0.0811,841845,0.34705962553684544,2014.106035232544,0.5,3,3,14
0.0751,842568,0.341233736437688,2014.1727924346924,0.5,3,3,15
0.0819,839911,0.35207805293528893,2014.862298965454,0.5,3,3,16
0.0773,843027,0.3413702448264384,2013.695478439331,0.5,3,3,17
0.0785,842587,0.34183181911810606,2014.3852233886719,0.5,3,3,18
0.0837,839046,0.3542806951373943,2014.19997215271,0.5,3,3,19
0.0758,842566,0.34155898409423463,2013.763427734375,0.5,3,3,20
0.0819,841932,0.3437319297827792,2013.2386684417725,0.5,3,3,21
0.0794,841860,0.3466103326032856,2013.6315822601318,0.5,3,3,22
0.0792,841993,0.34478142528386874,2013.8568878173828,0.5,3,3,23
0.0781,837186,0.3417753568303414,2013.178825378418,0.5,3,3,24
0.0789,841336,0.35117002822807636,2014.6996974945068,0.5,3,3,25
0.0754,844219,0.33950690590943605,2012.1922492980957,0.5,3,3,26
0.0799,842304,0.3456201296773156,2013.4530067443848,0.5,3,3,27
0.0792,842398,0.34699467932142264,2014.2431259155273,0.5,3,3,28
0.0815,838113,0.3485169875640391,2014.4953727722168,0.5,3,3,29
0.0761,1127770,0.33411785931862614,2117.816209793091,0.5,5,4,0
0.0833,1114299,0.34562824834721234,2117.1646118164062,0.5,5,4,1
0.0808,1118343,0.3399193180398046,2117.0692443847656,0.5,5,4,2
0.0774,1122245,0.33803283447407634,2117.4330711364746,0.5,5,4,3
0.074,1123280,0.329809766757628,2115.527868270874,0.5,5,4,4
0.0752,1121299,0.3359796425835099,2117.1250343322754,0.5,5,4,5
0.0773,1119900,0.3352932947883602,2115.8618927001953,0.5,5,4,6
0.0751,1123555,0.33340842216322425,2116.1558628082275,0.5,5,4,7
0.0756,1123677,0.3331685849601532,2115.316390991211,0.5,5,4,8
0.0773,1121231,0.3354368697187126,2115.938425064087,0.5,5,4,9
0.0778,1121945,0.3377466624127598,2116.9593334198,0.5,5,4,10
0.0821,1120762,0.34264345203391816,2117.1953678131104,0.5,5,4,11
0.0817,1119787,0.3413084548359491,2118.6540126800537,0.5,5,4,12
0.075,1122506,0.33275688100629514,2116.8665885925293,0.5,5,4,13
0.0746,1123528,0.332354311812751,2116.59574508667,0.5,5,4,14
0.0741,1125047,0.33137713243946504,2117.213487625122,0.5,5,4,15
0.0799,1121017,0.34060445041528875,2117.5179481506348,0.5,5,4,16
0.0808,1120875,0.34202569098616775,2118.396759033203,0.5,5,4,17
0.08,1122353,0.34084463357509676,2117.4545288085938,0.5,5,4,18
0.0779,1120564,0.335399239288466,2116.63556098938,0.5,5,4,19
0.08,1117757,0.3355046734341829,2116.5435314178467,0.5,5,4,20
0.0807,1119342,0.33720188237835697,2116.3206100463867,0.5,5,4,21
0.0816,1122427,0.33613142821214587,2117.574453353882,0.5,5,4,22
0.0772,1124631,0.3370536924005669,2118.28875541687,0.5,5,4,23
0.0776,1122014,0.32950423732112866,2116.016149520874,0.5,5,4,24
0.0748,1124002,0.33555622258928375,2116.4278984069824,0.5,5,4,25
0.076,1125978,0.33545561002464597,2117.208242416382,0.5,5,4,26
0.08,1120890,0.33540088047158884,2116.067409515381,0.5,5,4,27
0.0829,1117557,0.33901400561845535,2116.1577701568604,0.5,5,4,28
0.0801,1118844,0.34018536891962947,2116.4259910583496,0.5,5,4,29
0.0804,293268,0.37148472165265606,2004.5602321624756,0.5,5,5,0
0.0809,291926,0.37635026649023995,2004.4476985931396,0.5,5,5,1
0.0819,292292,0.3717674681837433,2004.645824432373,0.5,5,5,2
0.0831,293707,0.37812772240017567,2004.7698020935059,0.5,5,5,3
0.0821,292490,0.3746554525390589,2004.396915435791,0.5,5,5,4
0.0776,292430,0.36936321759491486,2003.343105316162,0.5,5,5,5
0.0855,293912,0.3762072467631617,2005.6636333465576,0.5,5,5,6
0.079,294424,0.36339192806977283,2004.9591064453125,0.5,5,5,7
0.083,291930,0.37757310066036054,2005.286455154419,0.5,5,5,8
0.0792,295051,0.3701207061095226,2005.225419998169,0.5,5,5,9
0.0837,292587,0.3722929175285966,2006.1957836151123,0.5,5,5,10
0.0864,293407,0.3832125617951671,2006.788969039917,0.5,5,5,11
0.0805,294523,0.36716341656445184,2004.8930644989014,0.5,5,5,12
0.0842,293583,0.3807622981291502,2006.0687065124512,0.5,5,5,13
0.0808,295131,0.3738603642794907,2005.8856010437012,0.5,5,5,14
0.0794,292820,0.3679645669745306,2004.5490264892578,0.5,5,5,15
0.0822,293908,0.3757049431791708,2004.8270225524902,0.5,5,5,16
0.0863,294902,0.38000600873966,2005.5806636810303,0.5,5,5,17
0.0814,294407,0.37363281095633877,2003.7341117858887,0.5,5,5,18
0.0791,292760,0.3680931279220255,2003.2954216003418,0.5,5,5,19
0.0794,294041,0.3656664251047499,2004.5289993286133,0.5,5,5,20
0.0845,293744,0.3794203504920469,2004.5289993286133,0.5,5,5,21
0.079,296003,0.37232750214791627,2002.713918685913,0.5,5,5,22
0.0818,293286,0.3719565780683463,2003.6065578460693,0.5,5,5,23
0.0803,292529,0.37224437330286964,2005.2049160003662,0.5,5,5,24
0.0814,293122,0.3674022539059387,2004.1239261627197,0.5,5,5,25
0.0849,293587,0.37334577467726116,2003.8251876831055,0.5,5,5,26
0.0823,295465,0.3743588836599859,2004.9374103546143,0.5,5,5,27
0.0848,290541,0.38086057407537666,2004.4622421264648,0.5,5,5,28
0.0846,292875,0.3777940433011473,2004.6789646148682,0.5,5,5,29
0.0773,1256262,0.34184887381600704,2203.1993865966797,0.5,7,5,0
0.0802,1253322,0.3333586159711276,2202.915668487549,0.5,7,5,1
0.0846,1248522,0.34527187868645925,2204.8511505126953,0.5,7,5,2
0.0793,1254129,0.33530051983145903,2203.9716243743896,0.5,7,5,3
0.0751,1256468,0.32943079303566075,2201.8303871154785,0.5,7,5,4
0.0754,1253167,0.32801845757731024,2201.143980026245,0.5,7,5,5
0.0767,1252779,0.3328014320184109,2202.2652626037598,0.5,7,5,6
0.0762,1258201,0.3344312974126193,2202.3661136627197,0.5,7,5,7
0.0788,1255812,0.3332127087755567,2202.6567459106445,0.5,7,5,8
0.0758,1256283,0.33086163746556063,2202.463150024414,0.5,7,5,9
0.0758,1256998,0.3297129213294751,2201.972484588623,0.5,7,5,10
0.0792,1259160,0.3341239834207294,2203.9172649383545,0.5,7,5,11
0.0795,1254790,0.3395198293887991,2205.270290374756,0.5,7,5,12
0.0757,1256308,0.32904577504453575,2202.166795730591,0.5,7,5,13
0.0775,1256049,0.334280023649916,2203.9990425109863,0.5,7,5,14
0.0703,1261095,0.3241364094039603,2202.434539794922,0.5,7,5,15
0.0822,1249991,0.34834146442350067,2203.899621963501,0.5,7,5,16
0.08,1255026,0.33758600783370446,2204.9002647399902,0.5,7,5,17
0.0778,1256169,0.33165916242822574,2202.51727104187,0.5,7,5,18
0.0833,1250199,0.33873765424879526,2202.4006843566895,0.5,7,5,19
0.0781,1253864,0.3334273532896916,2202.768087387085,0.5,7,5,20
0.0815,1256887,0.34108452138164996,2204.1237354278564,0.5,7,5,21
0.0726,1261070,0.32140867966508524,2201.9684314727783,0.5,7,5,22
0.0773,1256939,0.3361829252377927,2201.3278007507324,0.5,7,5,23
0.0838,1252732,0.3415042347057306,2202.451229095459,0.5,7,5,24
0.0767,1254523,0.33555100367181,2203.000068664551,0.5,7,5,25
0.0751,1262500,0.3352526512285703,2203.383684158325,0.5,7,5,26
0.0814,1255694,0.33965046140385563,2203.3302783966064,0.5,7,5,27
0.0779,1257208,0.33273282517843883,2204.578638076782,0.5,7,5,28
0.0833,1253090,0.3454832101779114,2204.056739807129,0.5,7,5,29
0.1107,1897144,0.3905371655567376,2156.5170288085938,0.7,3,3,0
0.1086,1894810,0.3935149116346475,2159.001588821411,0.7,3,3,1
0.1125,1895989,0.39973485787951735,2159.4796180725098,0.7,3,3,2
0.112,1893730,0.3978245788522044,2156.9294929504395,0.7,3,3,3
0.1123,1895681,0.3978348610789283,2155.940294265747,0.7,3,3,4
0.109,1901328,0.3929883638325163,2155.726432800293,0.7,3,3,5
0.111,1896617,0.3925952705008653,2157.107353210449,0.7,3,3,6
0.1076,1899273,0.3936175586983868,2156.9862365722656,0.7,3,3,7
0.1172,1893015,0.4058389390387411,2158.332347869873,0.7,3,3,8
0.1099,1895311,0.38984983034597714,2155.301809310913,0.7,3,3,9
0.1132,1890157,0.4006586119543817,2158.252000808716,0.7,3,3,10
0.1163,1883659,0.40131562790566133,2157.031297683716,0.7,3,3,11
0.1166,1891899,0.40421023244430554,2156.0940742492676,0.7,3,3,12
0.1145,1890571,0.40536560247632153,2156.407356262207,0.7,3,3,13
0.1148,1893360,0.4069833180212415,2156.726360321045,0.7,3,3,14
0.108,1893496,0.3888307514410401,2155.174970626831,0.7,3,3,15
0.113,1893882,0.39457075198856695,2157.221555709839,0.7,3,3,16
0.1084,1900792,0.39572047497891233,2158.003330230713,0.7,3,3,17
0.1118,1896148,0.3903215099131856,2156.733989715576,0.7,3,3,18
0.114,1887062,0.39257905435722795,2156.0192108154297,0.7,3,3,19
0.1171,1889404,0.40371297946024853,2156.9664478302,0.7,3,3,20
0.1157,1895698,0.405466378209488,2156.744956970215,0.7,3,3,21
0.1138,1890224,0.39854132948348886,2157.4409008026123,0.7,3,3,22
0.1111,1893211,0.39120238403198293,2156.8312644958496,0.7,3,3,23
0.1158,1887473,0.3946164131922079,2155.228853225708,0.7,3,3,24
0.1105,1898680,0.39825500736444946,2157.1383476257324,0.7,3,3,25
0.1104,1904842,0.3926585456245248,2156.7299365997314,0.7,3,3,26
0.1127,1896011,0.39514357031701514,2157.1273803710938,0.7,3,3,27
0.1111,1894354,0.3966994359814526,2156.6641330718994,0.7,3,3,28
0.1159,1889559,0.400783117644717,2156.820297241211,0.7,3,3,29
0.1274,2863899,0.4117901343030548,2333.9574337005615,0.7,5,4,0
0.1312,2848667,0.41084275851500424,2333.568334579468,0.7,5,4,1
0.1293,2847743,0.4158510127883019,2333.7862491607666,0.7,5,4,2
0.1305,2855142,0.42107287189466996,2334.129810333252,0.7,5,4,3
0.1302,2852620,0.4134661148656896,2332.339286804199,0.7,5,4,4
0.1211,2863734,0.40785840134865736,2333.3778381347656,0.7,5,4,5
0.1286,2845948,0.41103198971542915,2333.742380142212,0.7,5,4,6
0.1235,2861809,0.41274113834449333,2335.36696434021,0.7,5,4,7
0.1271,2858951,0.4092173721686004,2333.6844444274902,0.7,5,4,8
0.1282,2849642,0.4185442517322744,2333.502769470215,0.7,5,4,9
0.1212,2866938,0.40526863308746763,2334.6502780914307,0.7,5,4,10
0.1267,2856381,0.4208100325398292,2337.2044563293457,0.7,5,4,11
0.1274,2859122,0.41845620271742107,2334.352731704712,0.7,5,4,12
0.13,2846751,0.419396990916976,2334.840774536133,0.7,5,4,13
0.1266,2854031,0.40670098017465217,2333.7979316711426,0.7,5,4,14
0.1252,2860585,0.4165394394842574,2335.6895446777344,0.7,5,4,15
0.1254,2855526,0.4096725059243806,2335.270881652832,0.7,5,4,16
0.1358,2839434,0.4234994049888532,2335.448741912842,0.7,5,4,17
0.1287,2853850,0.4172266877777898,2335.866928100586,0.7,5,4,18
0.1321,2843590,0.42145758770679587,2335.2487087249756,0.7,5,4,19
0.1241,2864950,0.4041001806383588,2334.986686706543,0.7,5,4,20
0.1321,2856281,0.4199068315931356,2336.4663124084473,0.7,5,4,21
0.1264,2856925,0.41275901884842525,2335.81280708313,0.7,5,4,22
0.1235,2864122,0.4097562835881421,2335.458278656006,0.7,5,4,23
0.1222,2854851,0.408612456776642,2334.8193168640137,0.7,5,4,24
0.1297,2852446,0.41285584104104983,2335.475444793701,0.7,5,4,25
0.1274,2856244,0.4089258782003856,2334.5108032226562,0.7,5,4,26
0.1367,2843255,0.4234727487564511,2334.596872329712,0.7,5,4,27
0.1308,2849614,0.4176929183547669,2334.275484085083,0.7,5,4,28
0.1336,2845340,0.4225550455428247,2334.385633468628,0.7,5,4,29
0.0932,727517,0.38225562597572726,2065.885305404663,0.7,5,5,0
0.0952,725204,0.3910944514297216,2066.960573196411,0.7,5,5,1
0.0945,725719,0.3872455695183277,2066.026210784912,0.7,5,5,2
0.0946,726062,0.3867786746333868,2067.025661468506,0.7,5,5,3
0.0936,725111,0.38246426086259333,2065.195322036743,0.7,5,5,4
0.0933,726500,0.3852709912865597,2064.680576324463,0.7,5,5,5
0.0963,722560,0.38645395732480015,2065.571069717407,0.7,5,5,6
0.0914,723932,0.37875464068591425,2065.5555725097656,0.7,5,5,7
0.098,723857,0.3893441421931581,2065.7718181610107,0.7,5,5,8
0.0926,723214,0.382022315361201,2065.730571746826,0.7,5,5,9
0.0994,721986,0.3862740633779499,2066.054582595825,0.7,5,5,10
0.0972,724920,0.3860552813272522,2066.617012023926,0.7,5,5,11
0.0986,723937,0.3871107297673101,2066.3058757781982,0.7,5,5,12
0.097,722327,0.39121705472176777,2066.203832626343,0.7,5,5,13
0.0917,725832,0.3767237521381786,2065.3374195098877,0.7,5,5,14
0.0964,724403,0.3917406439238602,2066.396713256836,0.7,5,5,15
0.0941,726710,0.38150341975696744,2065.9546852111816,0.7,5,5,16
0.1007,725481,0.3923924057538279,2066.2477016448975,0.7,5,5,17
0.1022,723788,0.3893081293619273,2066.547632217407,0.7,5,5,18
0.0976,723773,0.38844454532273887,2065.8345222473145,0.7,5,5,19
0.0993,723814,0.38878383085062385,2066.5853023529053,0.7,5,5,20
0.0987,724804,0.39384405572507414,2064.910888671875,0.7,5,5,21
0.0966,725151,0.3831789399258481,2064.229726791382,0.7,5,5,22
0.0913,725616,0.3793361104482558,2065.0014877319336,0.7,5,5,23
0.0945,722745,0.3826195928450158,2064.997434616089,0.7,5,5,24
0.0999,724969,0.3908937844530782,2066.3113594055176,0.7,5,5,25
0.0975,728181,0.3898727166429395,2066.028118133545,0.7,5,5,26
0.0977,724378,0.39302622091438194,2065.5384063720703,0.7,5,5,27
0.1005,722495,0.39024783628842624,2066.192626953125,0.7,5,5,28
0.0939,723673,0.3862633204151406,2064.2776489257812,0.7,5,5,29
0.139,3503155,0.4347453791941314,2465.240240097046,0.7,7,5,0
0.1424,3485358,0.4358915126494172,2463.709831237793,0.7,7,5,1
0.146,3480417,0.43677386824870884,2463.740587234497,0.7,7,5,2
0.1404,3492284,0.4276067328823916,2463.799476623535,0.7,7,5,3
0.1374,3503271,0.4217461470186481,2465.013027191162,0.7,7,5,4
0.1403,3489751,0.43110791228919454,2464.526653289795,0.7,7,5,5
0.1449,3479215,0.4359864973918567,2464.240789413452,0.7,7,5,6
0.1462,3478327,0.44479859090354223,2465.214252471924,0.7,7,5,7
0.141,3494094,0.43162521514331936,2464.731216430664,0.7,7,5,8
0.1409,3488648,0.43301539043991955,2463.878393173218,0.7,7,5,9
0.1372,3498244,0.42227747347714784,2465.620279312134,0.7,7,5,10
0.1419,3494116,0.4343627520253858,2465.701103210449,0.7,7,5,11
0.1406,3492508,0.4316631085871659,2465.118646621704,0.7,7,5,12
0.1411,3490231,0.4320898549141141,2464.8282527923584,0.7,7,5,13
0.1363,3504720,0.42246473701404375,2465.1453495025635,0.7,7,5,14
0.1444,3491044,0.4406409837037087,2463.6826515197754,0.7,7,5,15
0.1367,3500653,0.42519926928294005,2463.047981262207,0.7,7,5,16
0.1422,3487038,0.431292482331858,2464.879274368286,0.7,7,5,17
0.1443,3487616,0.43587090893071234,2464.416027069092,0.7,7,5,18
0.1455,3484699,0.4390312750218576,2463.8707637786865,0.7,7,5,19
0.1361,3500551,0.42510690647351496,2464.4737243652344,0.7,7,5,20
0.1433,3483280,0.4250961777021294,2463.0401134490967,0.7,7,5,21
0.1397,3494532,0.4267083525090743,2464.155435562134,0.7,7,5,22
0.1379,3489165,0.4335742859519001,2464.198112487793,0.7,7,5,23
0.1433,3490482,0.4364779030532296,2463.468313217163,0.7,7,5,24
0.1339,3503359,0.4296899275291358,2465.3987884521484,0.7,7,5,25
0.1432,3492907,0.43503685265182523,2463.8633728027344,0.7,7,5,26
0.1463,3483868,0.4323388475845828,2462.831974029541,0.7,7,5,27
0.1422,3481458,0.43309525341123234,2462.8372192382812,0.7,7,5,28
0.1403,3493454,0.4326983320125836,2463.386058807373,0.7,7,5,29
0.1819,4071267,0.5135987224008061,2380.0463676452637,0.95,3,3,0
0.182,4060449,0.5156982387102709,2379.472017288208,0.95,3,3,1
0.1924,4043808,0.5236238865782484,2380.5620670318604,0.95,3,3,2
0.1872,4056915,0.519927963972734,2379.563331604004,0.95,3,3,3
0.1786,4082147,0.5095565201072586,2378.9687156677246,0.95,3,3,4
0.1816,4057282,0.5211863880872072,2379.7214031219482,0.95,3,3,5
0.1933,4041651,0.5211607830227013,2379.4384002685547,0.95,3,3,6
0.1801,4066699,0.5104485070766718,2377.7661323547363,0.95,3,3,7
0.1871,4048872,0.5240483355077091,2379.05216217041,0.95,3,3,8
0.176,4077632,0.5130484237724129,2381.9632530212402,0.95,3,3,9
0.1825,4047489,0.5162936410905539,2380.8135986328125,0.95,3,3,10
0.182,4060236,0.5049093404177951,2379.295825958252,0.95,3,3,11
0.1812,4066310,0.510403997345625,2378.7941932678223,0.95,3,3,12
0.1875,4040080,0.5233228532342371,2379.563093185425,0.95,3,3,13
0.1872,4047513,0.5253312802322414,2378.9937496185303,0.95,3,3,14
0.1778,4066710,0.5131158224855833,2380.183219909668,0.95,3,3,15
0.1824,4056424,0.5095832579348788,2378.5102367401123,0.95,3,3,16
0.1817,4057197,0.5177408681292677,2380.429983139038,0.95,3,3,17
0.1871,4048171,0.5208594265632011,2379.293918609619,0.95,3,3,18
0.1829,4060019,0.5239807055363265,2378.7403106689453,0.95,3,3,19
0.1825,4058651,0.5090830788875714,2378.0179023742676,0.95,3,3,20
0.1799,4079662,0.509925889553003,2379.192113876343,0.95,3,3,21
0.1831,4061697,0.5156129502255311,2379.4655799865723,0.95,3,3,22
0.1807,4058412,0.508664437982971,2379.0385723114014,0.95,3,3,23
0.1823,4068405,0.5177857364079886,2379.0013790130615,0.95,3,3,24
0.1873,4058369,0.5159423510284687,2379.5175552368164,0.95,3,3,25
0.1861,4061184,0.5196872683550833,2378.873109817505,0.95,3,3,26
0.1942,4035642,0.5360344163705262,2379.0266513824463,0.95,3,3,27
0.1826,4059811,0.5137382443168813,2377.0663738250732,0.95,3,3,28
0.1849,4051134,0.5193269220191715,2378.6251544952393,0.95,3,3,29
0.2148,5902312,0.559442080186645,2551.2235164642334,0.95,5,4,0
0.2196,5885618,0.5597480758800297,2550.048828125,0.95,5,4,1
0.2223,5889198,0.5605012522327736,2549.8881340026855,0.95,5,4,2
0.2162,5896906,0.5568689293098464,2552.093505859375,0.95,5,4,3
0.2122,5923776,0.5540896746244746,2550.2753257751465,0.95,5,4,4
0.2086,5922035,0.556401073161201,2552.048921585083,0.95,5,4,5
0.2236,5864934,0.5575459464131577,2548.7592220306396,0.95,5,4,6
0.2139,5897326,0.5676860803364792,2552.250862121582,0.95,5,4,7
0.2176,5886586,0.5629841342583402,2552.363634109497,0.95,5,4,8
0.2187,5871354,0.5638582771440597,2552.0951747894287,0.95,5,4,9
0.2129,5888823,0.5545543806765578,2551.3739585876465,0.95,5,4,10
0.2244,5855654,0.5676668836720037,2551.5902042388916,0.95,5,4,11
0.2204,5900903,0.5621437176175139,2552.743911743164,0.95,5,4,12
0.2208,5863471,0.5677648428283717,2552.9415607452393,0.95,5,4,13
0.2173,5878355,0.561297028702151,2550.3811836242676,0.95,5,4,14
0.2177,5887018,0.5596019800326353,2550.6298542022705,0.95,5,4,15
0.2174,5889773,0.5573443396699764,2550.8251190185547,0.95,5,4,16
0.2198,5885778,0.567112975650513,2550.8527755737305,0.95,5,4,17
0.2213,5883494,0.5595078813032154,2550.0659942626953,0.95,5,4,18
0.2183,5884128,0.5607862375546341,2550.419569015503,0.95,5,4,19
0.2103,5930824,0.5476137180541868,2551.737070083618,0.95,5,4,20
0.2172,5905947,0.564296650349199,2552.6351928710938,0.95,5,4,21
0.2183,5872986,0.5540636242119863,2551.2466430664062,0.95,5,4,22
0.2209,5870325,0.5618746511060377,2550.8275032043457,0.95,5,4,23
0.2169,5869166,0.557704849656367,2550.349473953247,0.95,5,4,24
0.2143,5910231,0.5570777205936631,2551.8219470977783,0.95,5,4,25
0.2169,5896599,0.5546285712089866,2549.4589805603027,0.95,5,4,26
0.2226,5875234,0.5661308290670032,2550.3053665161133,0.95,5,4,27
0.2179,5886980,0.5611406883083772,2550.7566928863525,0.95,5,4,28
0.219,5890480,0.5601861589448542,2550.2572059631348,0.95,5,4,29
0.1583,2425764,0.48949171135942954,2291.938543319702,0.95,5,5,0
0.1638,2409744,0.4943018256303735,2291.4745807647705,0.95,5,5,1
0.1634,2412887,0.49555412232523866,2293.31111907959,0.95,5,5,2
0.1654,2407512,0.49984185257760455,2291.72945022583,0.95,5,5,3
0.1619,2419050,0.4920003109817679,2289.970874786377,0.95,5,5,4
0.1541,2423785,0.4832906817416283,2291.550874710083,0.95,5,5,5
0.1544,2424952,0.4833048650367138,2293.4319972991943,0.95,5,5,6
0.1549,2419788,0.4860691971690374,2292.0002937316895,0.95,5,5,7
0.1631,2414316,0.496200743304351,2291.785955429077,0.95,5,5,8
0.1586,2421665,0.48439157944077005,2291.938304901123,0.95,5,5,9
0.1574,2412395,0.4866881030665415,2292.492389678955,0.95,5,5,10
0.1621,2413330,0.4928638269100029,2294.2769527435303,0.95,5,5,11
0.1566,2426457,0.47773748353156714,2292.1812534332275,0.95,5,5,12
0.1636,2412782,0.49701435281432194,2293.4672832489014,0.95,5,5,13
0.1585,2416332,0.49308848872131494,2293.797492980957,0.95,5,5,14
0.1638,2407588,0.49018413627168067,2293.0829524993896,0.95,5,5,15
0.1595,2415646,0.4889938231760915,2294.550657272339,0.95,5,5,16
0.1637,2414682,0.4953987179475326,2292.7980422973633,0.95,5,5,17
0.161,2417961,0.49177986618572583,2293.564796447754,0.95,5,5,18
0.1673,2408121,0.5028953154366521,2292.1416759490967,0.95,5,5,19
0.163,2417752,0.4923150687571469,2293.935775756836,0.95,5,5,20
0.1607,2423930,0.48942285925488577,2291.433334350586,0.95,5,5,21
0.1582,2421243,0.4790331554987337,2291.194200515747,0.95,5,5,22
0.1548,2430244,0.4808376751327465,2292.6437854766846,0.95,5,5,23
0.1618,2410127,0.49279612294963865,2290.785551071167,0.95,5,5,24
0.161,2423105,0.4910135257191513,2292.694568634033,0.95,5,5,25
0.1586,2424242,0.4818973254514317,2291.5077209472656,0.95,5,5,26
0.1667,2406891,0.5035699903445795,2290.7819747924805,0.95,5,5,27
0.1647,2411296,0.501321895346911,2292.0963764190674,0.95,5,5,28
0.1596,2426490,0.48650112774879,2292.072057723999,0.95,5,5,29
0.2333,6906822,0.5834513115497938,2670.4676151275635,0.95,7,5,0
0.2381,6858243,0.5837604491305366,2668.940782546997,0.95,7,5,1
0.2445,6856199,0.5956259329311608,2673.2521057128906,0.95,7,5,2
0.2347,6900410,0.5796166555615428,2670.4773902893066,0.95,7,5,3
0.2319,6913369,0.5764337146839038,2672.2075939178467,0.95,7,5,4
0.2349,6887878,0.5805295307134777,2671.983242034912,0.95,7,5,5
0.2414,6850585,0.5858711663596182,2670.020580291748,0.95,7,5,6
0.2423,6859039,0.5987083881994364,2671.3204383850098,0.95,7,5,7
0.2364,6892038,0.5880574482218032,2672.1084117889404,0.95,7,5,8
0.2344,6891226,0.5828396187087664,2671.872854232788,0.95,7,5,9
0.2333,6890903,0.5850018122505743,2674.2520332336426,0.95,7,5,10
0.2419,6865234,0.5973831252717013,2671.6256141662598,0.95,7,5,11
0.2443,6855154,0.6007872066713071,2671.1158752441406,0.95,7,5,12
0.2371,6866844,0.5869629964610873,2670.649528503418,0.95,7,5,13
0.2336,6897195,0.5763289546977636,2671.896457672119,0.95,7,5,14
0.241,6867562,0.5978056260029232,2673.0196475982666,0.95,7,5,15
0.2326,6901384,0.5874064153603635,2671.9908714294434,0.95,7,5,16
0.2478,6823744,0.6061230297541675,2672.0402240753174,0.95,7,5,17
0.2423,6861469,0.6013995127574808,2671.1807250976562,0.95,7,5,18
0.2393,6874787,0.5766442980388458,2668.6627864837646,0.95,7,5,19
0.2289,6920426,0.5671809056782467,2670.1674461364746,0.95,7,5,20
0.2346,6906925,0.5842046668420356,2670.4349517822266,0.95,7,5,21
0.2375,6880738,0.5842772619507991,2669.997453689575,0.95,7,5,22
0.2342,6877248,0.5872206877357113,2671.2887287139893,0.95,7,5,23
0.2305,6913509,0.5844710236402769,2671.4940071105957,0.95,7,5,24
0.2361,6883321,0.5841210764952006,2670.860767364502,0.95,7,5,25
0.2393,6872550,0.5896374207036913,2670.5613136291504,0.95,7,5,26
0.2434,6886846,0.599100352590538,2672.079086303711,0.95,7,5,27
0.2363,6870533,0.5883224338239215,2672.071933746338,0.95,7,5,28
0.2389,6876577,0.5976314185548542,2670.6581115722656,0.95,7,5,29
